date,name,approximate
1948-01-01,年末年始休暇,False
1948-01-02,年末年始休暇,False
1948-01-03,年末年始休暇,False
1948-04-29,天皇誕生日,False
1948-05-03,憲法記念日,False
1948-05-05,こどもの日,False
1948-09-23,秋分の日,True
1948-11-03,文化の日,False
1948-11-23,勤労感謝の日,False
1948-12-29,年末年始休暇,False
1948-12-30,年末年始休暇,False
1948-12-31,年末年始休暇,False
1949-01-01,元日,False
1949-01-02,年末年始休暇,False
1949-01-03,年末年始休暇,False
1949-01-15,成人の日,False
1949-03-21,春分の日,True
1949-04-29,天皇誕生日,False
1949-05-03,憲法記念日,False
1949-05-05,こどもの日,False
1949-09-23,秋分の日,True
1949-11-03,文化の日,False
1949-11-23,勤労感謝の日,False
1949-12-29,年末年始休暇,False
1949-12-30,年末年始休暇,False
1949-12-31,年末年始休暇,False
1950-01-01,元日,False
1950-01-02,年末年始休暇,False
1950-01-03,年末年始休暇,False
1950-01-15,成人の日,False
1950-03-21,春分の日,True
1950-04-29,天皇誕生日,False
1950-05-03,憲法記念日,False
1950-05-05,こどもの日,False
1950-09-23,秋分の日,True
1950-11-03,文化の日,False
1950-11-23,勤労感謝の日,False
1950-12-29,年末年始休暇,False
1950-12-30,年末年始休暇,False
1950-12-31,年末年始休暇,False
1951-01-01,元日,False
1951-01-02,年末年始休暇,False
1951-01-03,年末年始休暇,False
1951-01-15,成人の日,False
1951-03-21,春分の日,True
1951-04-29,天皇誕生日,False
1951-05-03,憲法記念日,False
1951-05-05,こどもの日,False
1951-09-24,秋分の日,True
1951-11-03,文化の日,False
1951-11-23,勤労感謝の日,False
1951-12-29,年末年始休暇,False
1951-12-30,年末年始休暇,False
1951-12-31,年末年始休暇,False
1952-01-01,元日,False
1952-01-02,年末年始休暇,False
1952-01-03,年末年始休暇,False
1952-01-15,成人の日,False
1952-03-21,春分の日,True
1952-04-29,天皇誕生日,False
1952-05-03,憲法記念日,False
1952-05-05,こどもの日,False
1952-09-23,秋分の日,True
1952-11-03,文化の日,False
1952-11-23,勤労感謝の日,False
1952-12-29,年末年始休暇,False
1952-12-30,年末年始休暇,False
1952-12-31,年末年始休暇,False
1953-01-01,元日,False
1953-01-02,年末年始休暇,False
1953-01-03,年末年始休暇,False
1953-01-15,成人の日,False
1953-03-21,春分の日,True
1953-04-29,天皇誕生日,False
1953-05-03,憲法記念日,False
1953-05-05,こどもの日,False
1953-09-23,秋分の日,True
1953-11-03,文化の日,False
1953-11-23,勤労感謝の日,False
1953-12-29,年末年始休暇,False
1953-12-30,年末年始休暇,False
1953-12-31,年末年始休暇,False
1954-01-01,元日,False
1954-01-02,年末年始休暇,False
1954-01-03,年末年始休暇,False
1954-01-15,成人の日,False
1954-03-21,春分の日,True
1954-04-29,天皇誕生日,False
1954-05-03,憲法記念日,False
1954-05-05,こどもの日,False
1954-09-23,秋分の日,True
1954-11-03,文化の日,False
1954-11-23,勤労感謝の日,False
1954-12-29,年末年始休暇,False
1954-12-30,年末年始休暇,False
1954-12-31,年末年始休暇,False
1955-01-01,元日,False
1955-01-02,年末年始休暇,False
1955-01-03,年末年始休暇,False
1955-01-15,成人の日,False
1955-03-21,春分の日,True
1955-04-29,天皇誕生日,False
1955-05-03,憲法記念日,False
1955-05-05,こどもの日,False
1955-09-24,秋分の日,True
1955-11-03,文化の日,False
1955-11-23,勤労感謝の日,False
1955-12-29,年末年始休暇,False
1955-12-30,年末年始休暇,False
1955-12-31,年末年始休暇,False
1956-01-01,元日,False
1956-01-02,年末年始休暇,False
1956-01-03,年末年始休暇,False
1956-01-15,成人の日,False
1956-03-21,春分の日,True
1956-04-29,天皇誕生日,False
1956-05-03,憲法記念日,False
1956-05-05,こどもの日,False
1956-09-23,秋分の日,True
1956-11-03,文化の日,False
1956-11-23,勤労感謝の日,False
1956-12-29,年末年始休暇,False
1956-12-30,年末年始休暇,False
1956-12-31,年末年始休暇,False
1957-01-01,元日,False
1957-01-02,年末年始休暇,False
1957-01-03,年末年始休暇,False
1957-01-15,成人の日,False
1957-03-21,春分の日,True
1957-04-29,天皇誕生日,False
1957-05-03,憲法記念日,False
1957-05-05,こどもの日,False
1957-09-23,秋分の日,True
1957-11-03,文化の日,False
1957-11-23,勤労感謝の日,False
1957-12-29,年末年始休暇,False
1957-12-30,年末年始休暇,False
1957-12-31,年末年始休暇,False
1958-01-01,元日,False
1958-01-02,年末年始休暇,False
1958-01-03,年末年始休暇,False
1958-01-15,成人の日,False
1958-03-21,春分の日,True
1958-04-29,天皇誕生日,False
1958-05-03,憲法記念日,False
1958-05-05,こどもの日,False
1958-09-23,秋分の日,True
1958-11-03,文化の日,False
1958-11-23,勤労感謝の日,False
1958-12-29,年末年始休暇,False
1958-12-30,年末年始休暇,False
1958-12-31,年末年始休暇,False
1959-01-01,元日,False
1959-01-02,年末年始休暇,False
1959-01-03,年末年始休暇,False
1959-01-15,成人の日,False
1959-03-21,春分の日,True
1959-04-10,結婚の儀,False
1959-04-29,天皇誕生日,False
1959-05-03,憲法記念日,False
1959-05-05,こどもの日,False
1959-09-24,秋分の日,True
1959-11-03,文化の日,False
1959-11-23,勤労感謝の日,False
1959-12-29,年末年始休暇,False
1959-12-30,年末年始休暇,False
1959-12-31,年末年始休暇,False
1960-01-01,元日,False
1960-01-02,年末年始休暇,False
1960-01-03,年末年始休暇,False
1960-01-15,成人の日,False
1960-03-20,春分の日,True
1960-04-29,天皇誕生日,False
1960-05-03,憲法記念日,False
1960-05-05,こどもの日,False
1960-09-23,秋分の日,True
1960-11-03,文化の日,False
1960-11-23,勤労感謝の日,False
1960-12-29,年末年始休暇,False
1960-12-30,年末年始休暇,False
1960-12-31,年末年始休暇,False
1961-01-01,元日,False
1961-01-02,年末年始休暇,False
1961-01-03,年末年始休暇,False
1961-01-15,成人の日,False
1961-03-21,春分の日,True
1961-04-29,天皇誕生日,False
1961-05-03,憲法記念日,False
1961-05-05,こどもの日,False
1961-09-23,秋分の日,True
1961-11-03,文化の日,False
1961-11-23,勤労感謝の日,False
1961-12-29,年末年始休暇,False
1961-12-30,年末年始休暇,False
1961-12-31,年末年始休暇,False
1962-01-01,元日,False
1962-01-02,年末年始休暇,False
1962-01-03,年末年始休暇,False
1962-01-15,成人の日,False
1962-03-21,春分の日,True
1962-04-29,天皇誕生日,False
1962-05-03,憲法記念日,False
1962-05-05,こどもの日,False
1962-09-23,秋分の日,True
1962-11-03,文化の日,False
1962-11-23,勤労感謝の日,False
1962-12-29,年末年始休暇,False
1962-12-30,年末年始休暇,False
1962-12-31,年末年始休暇,False
1963-01-01,元日,False
1963-01-02,年末年始休暇,False
1963-01-03,年末年始休暇,False
1963-01-15,成人の日,False
1963-03-21,春分の日,True
1963-04-29,天皇誕生日,False
1963-05-03,憲法記念日,False
1963-05-05,こどもの日,False
1963-09-24,秋分の日,True
1963-11-03,文化の日,False
1963-11-23,勤労感謝の日,False
1963-12-29,年末年始休暇,False
1963-12-30,年末年始休暇,False
1963-12-31,年末年始休暇,False
1964-01-01,元日,False
1964-01-02,年末年始休暇,False
1964-01-03,年末年始休暇,False
1964-01-15,成人の日,False
1964-03-20,春分の日,True
1964-04-29,天皇誕生日,False
1964-05-03,憲法記念日,False
1964-05-05,こどもの日,False
1964-09-23,秋分の日,True
1964-11-03,文化の日,False
1964-11-23,勤労感謝の日,False
1964-12-29,年末年始休暇,False
1964-12-30,年末年始休暇,False
1964-12-31,年末年始休暇,False
1965-01-01,元日,False
1965-01-02,年末年始休暇,False
1965-01-03,年末年始休暇,False
1965-01-15,成人の日,False
1965-03-21,春分の日,True
1965-04-29,天皇誕生日,False
1965-05-03,憲法記念日,False
1965-05-05,こどもの日,False
1965-09-23,秋分の日,True
1965-11-03,文化の日,False
1965-11-23,勤労感謝の日,False
1965-12-29,年末年始休暇,False
1965-12-30,年末年始休暇,False
1965-12-31,年末年始休暇,False
1966-01-01,元日,False
1966-01-02,年末年始休暇,False
1966-01-03,年末年始休暇,False
1966-01-15,成人の日,False
1966-02-11,建国記念の日,False
1966-03-21,春分の日,True
1966-04-29,天皇誕生日,False
1966-05-03,憲法記念日,False
1966-05-05,こどもの日,False
1966-09-15,敬老の日,False
1966-09-23,秋分の日,True
1966-10-10,体育の日,False
1966-11-03,文化の日,False
1966-11-23,勤労感謝の日,False
1966-12-29,年末年始休暇,False
1966-12-30,年末年始休暇,False
1966-12-31,年末年始休暇,False
1967-01-01,元日,False
1967-01-02,年末年始休暇,False
1967-01-03,年末年始休暇,False
1967-01-15,成人の日,False
1967-02-11,建国記念の日,False
1967-03-21,春分の日,True
1967-04-29,天皇誕生日,False
1967-05-03,憲法記念日,False
1967-05-05,こどもの日,False
1967-09-15,敬老の日,False
1967-09-24,秋分の日,True
1967-10-10,体育の日,False
1967-11-03,文化の日,False
1967-11-23,勤労感謝の日,False
1967-12-29,年末年始休暇,False
1967-12-30,年末年始休暇,False
1967-12-31,年末年始休暇,False
1968-01-01,元日,False
1968-01-02,年末年始休暇,False
1968-01-03,年末年始休暇,False
1968-01-15,成人の日,False
1968-02-11,建国記念の日,False
1968-03-20,春分の日,True
1968-04-29,天皇誕生日,False
1968-05-03,憲法記念日,False
1968-05-05,こどもの日,False
1968-09-15,敬老の日,False
1968-09-23,秋分の日,True
1968-10-10,体育の日,False
1968-11-03,文化の日,False
1968-11-23,勤労感謝の日,False
1968-12-29,年末年始休暇,False
1968-12-30,年末年始休暇,False
1968-12-31,年末年始休暇,False
1969-01-01,元日,False
1969-01-02,年末年始休暇,False
1969-01-03,年末年始休暇,False
1969-01-15,成人の日,False
1969-02-11,建国記念の日,False
1969-03-21,春分の日,True
1969-04-29,天皇誕生日,False
1969-05-03,憲法記念日,False
1969-05-05,こどもの日,False
1969-09-15,敬老の日,False
1969-09-23,秋分の日,True
1969-10-10,体育の日,False
1969-11-03,文化の日,False
1969-11-23,勤労感謝の日,False
1969-12-29,年末年始休暇,False
1969-12-30,年末年始休暇,False
1969-12-31,年末年始休暇,False
1970-01-01,元日,False
1970-01-02,年末年始休暇,False
1970-01-03,年末年始休暇,False
1970-01-15,成人の日,False
1970-02-11,建国記念の日,False
1970-03-21,春分の日,True
1970-04-29,天皇誕生日,False
1970-05-03,憲法記念日,False
1970-05-05,こどもの日,False
1970-09-15,敬老の日,False
1970-09-23,秋分の日,True
1970-10-10,体育の日,False
1970-11-03,文化の日,False
1970-11-23,勤労感謝の日,False
1970-12-29,年末年始休暇,False
1970-12-30,年末年始休暇,False
1970-12-31,年末年始休暇,False
1971-01-01,元日,False
1971-01-02,年末年始休暇,False
1971-01-03,年末年始休暇,False
1971-01-15,成人の日,False
1971-02-11,建国記念の日,False
1971-03-21,春分の日,True
1971-04-29,天皇誕生日,False
1971-05-03,憲法記念日,False
1971-05-05,こどもの日,False
1971-09-15,敬老の日,False
1971-09-24,秋分の日,True
1971-10-10,体育の日,False
1971-11-03,文化の日,False
1971-11-23,勤労感謝の日,False
1971-12-29,年末年始休暇,False
1971-12-30,年末年始休暇,False
1971-12-31,年末年始休暇,False
1972-01-01,元日,False
1972-01-02,年末年始休暇,False
1972-01-03,年末年始休暇,False
1972-01-15,成人の日,False
1972-02-11,建国記念の日,False
1972-03-20,春分の日,True
1972-04-29,天皇誕生日,False
1972-05-03,憲法記念日,False
1972-05-05,こどもの日,False
1972-09-15,敬老の日,False
1972-09-23,秋分の日,True
1972-10-10,体育の日,False
1972-11-03,文化の日,False
1972-11-23,勤労感謝の日,False
1972-12-29,年末年始休暇,False
1972-12-30,年末年始休暇,False
1972-12-31,年末年始休暇,False
1973-01-01,元日,False
1973-01-02,年末年始休暇,False
1973-01-03,年末年始休暇,False
1973-01-15,成人の日,False
1973-02-11,建国記念の日,False
1973-03-21,春分の日,True
1973-04-29,天皇誕生日,False
1973-04-30,休日,False
1973-05-03,憲法記念日,False
1973-05-05,こどもの日,False
1973-09-15,敬老の日,False
1973-09-23,秋分の日,True
1973-09-24,休日,False
1973-10-10,体育の日,False
1973-11-03,文化の日,False
1973-11-23,勤労感謝の日,False
1973-12-29,年末年始休暇,False
1973-12-30,年末年始休暇,False
1973-12-31,年末年始休暇,False
1974-01-01,元日,False
1974-01-02,年末年始休暇,False
1974-01-03,年末年始休暇,False
1974-01-15,成人の日,False
1974-02-11,建国記念の日,False
1974-03-21,春分の日,True
1974-04-29,天皇誕生日,False
1974-05-03,憲法記念日,False
1974-05-05,こどもの日,False
1974-05-06,休日,False
1974-09-15,敬老の日,False
1974-09-16,休日,False
1974-09-23,秋分の日,True
1974-10-10,体育の日,False
1974-11-03,文化の日,False
1974-11-04,休日,False
1974-11-23,勤労感謝の日,False
1974-12-29,年末年始休暇,False
1974-12-30,年末年始休暇,False
1974-12-31,年末年始休暇,False
1975-01-01,元日,False
1975-01-02,年末年始休暇,False
1975-01-03,年末年始休暇,False
1975-01-15,成人の日,False
1975-02-11,建国記念の日,False
1975-03-21,春分の日,True
1975-04-29,天皇誕生日,False
1975-05-03,憲法記念日,False
1975-05-05,こどもの日,False
1975-09-15,敬老の日,False
1975-09-24,秋分の日,True
1975-10-10,体育の日,False
1975-11-03,文化の日,False
1975-11-23,勤労感謝の日,False
1975-11-24,休日,False
1975-12-29,年末年始休暇,False
1975-12-30,年末年始休暇,False
1975-12-31,年末年始休暇,False
1976-01-01,元日,False
1976-01-02,年末年始休暇,False
1976-01-03,年末年始休暇,False
1976-01-15,成人の日,False
1976-02-11,建国記念の日,False
1976-03-20,春分の日,True
1976-04-29,天皇誕生日,False
1976-05-03,憲法記念日,False
1976-05-05,こどもの日,False
1976-09-15,敬老の日,False
1976-09-23,秋分の日,True
1976-10-10,体育の日,False
1976-10-11,休日,False
1976-11-03,文化の日,False
1976-11-23,勤労感謝の日,False
1976-12-29,年末年始休暇,False
1976-12-30,年末年始休暇,False
1976-12-31,年末年始休暇,False
1977-01-01,元日,False
1977-01-02,年末年始休暇,False
1977-01-03,年末年始休暇,False
1977-01-15,成人の日,False
1977-02-11,建国記念の日,False
1977-03-21,春分の日,True
1977-04-29,天皇誕生日,False
1977-05-03,憲法記念日,False
1977-05-05,こどもの日,False
1977-09-15,敬老の日,False
1977-09-23,秋分の日,True
1977-10-10,体育の日,False
1977-11-03,文化の日,False
1977-11-23,勤労感謝の日,False
1977-12-29,年末年始休暇,False
1977-12-30,年末年始休暇,False
1977-12-31,年末年始休暇,False
1978-01-01,元日,False
1978-01-02,休日,False
1978-01-03,年末年始休暇,False
1978-01-15,成人の日,False
1978-01-16,休日,False
1978-02-11,建国記念の日,False
1978-03-21,春分の日,True
1978-04-29,天皇誕生日,False
1978-05-03,憲法記念日,False
1978-05-05,こどもの日,False
1978-09-15,敬老の日,False
1978-09-23,秋分の日,True
1978-10-10,体育の日,False
1978-11-03,文化の日,False
1978-11-23,勤労感謝の日,False
1978-12-29,年末年始休暇,False
1978-12-30,年末年始休暇,False
1978-12-31,年末年始休暇,False
1979-01-01,元日,False
1979-01-02,年末年始休暇,False
1979-01-03,年末年始休暇,False
1979-01-15,成人の日,False
1979-02-11,建国記念の日,False
1979-02-12,休日,False
1979-03-21,春分の日,True
1979-04-29,天皇誕生日,False
1979-04-30,休日,False
1979-05-03,憲法記念日,False
1979-05-05,こどもの日,False
1979-09-15,敬老の日,False
1979-09-24,秋分の日,True
1979-10-10,体育の日,False
1979-11-03,文化の日,False
1979-11-23,勤労感謝の日,False
1979-12-29,年末年始休暇,False
1979-12-30,年末年始休暇,False
1979-12-31,年末年始休暇,False
1980-01-01,元日,False
1980-01-02,年末年始休暇,False
1980-01-03,年末年始休暇,False
1980-01-15,成人の日,False
1980-02-11,建国記念の日,False
1980-03-20,春分の日,True
1980-04-29,天皇誕生日,False
1980-05-03,憲法記念日,False
1980-05-05,こどもの日,False
1980-09-15,敬老の日,False
1980-09-23,秋分の日,True
1980-10-10,体育の日,False
1980-11-03,文化の日,False
1980-11-23,勤労感謝の日,False
1980-11-24,休日,False
1980-12-29,年末年始休暇,False
1980-12-30,年末年始休暇,False
1980-12-31,年末年始休暇,False
1981-01-01,元日,False
1981-01-02,年末年始休暇,False
1981-01-03,年末年始休暇,False
1981-01-15,成人の日,False
1981-02-11,建国記念の日,False
1981-03-21,春分の日,True
1981-04-29,天皇誕生日,False
1981-05-03,憲法記念日,False
1981-05-04,休日,False
1981-05-05,こどもの日,False
1981-09-15,敬老の日,False
1981-09-23,秋分の日,True
1981-10-10,体育の日,False
1981-11-03,文化の日,False
1981-11-23,勤労感謝の日,False
1981-12-29,年末年始休暇,False
1981-12-30,年末年始休暇,False
1981-12-31,年末年始休暇,False
1982-01-01,元日,False
1982-01-02,年末年始休暇,False
1982-01-03,年末年始休暇,False
1982-01-15,成人の日,False
1982-02-11,建国記念の日,False
1982-03-21,春分の日,True
1982-03-22,休日,False
1982-04-29,天皇誕生日,False
1982-05-03,憲法記念日,False
1982-05-05,こどもの日,False
1982-09-15,敬老の日,False
1982-09-23,秋分の日,True
1982-10-10,体育の日,False
1982-10-11,休日,False
1982-11-03,文化の日,False
1982-11-23,勤労感謝の日,False
1982-12-29,年末年始休暇,False
1982-12-30,年末年始休暇,False
1982-12-31,年末年始休暇,False
1983-01-01,元日,False
1983-01-02,年末年始休暇,False
1983-01-03,年末年始休暇,False
1983-01-15,成人の日,False
1983-02-11,建国記念の日,False
1983-03-21,春分の日,True
1983-04-29,天皇誕生日,False
1983-05-03,憲法記念日,False
1983-05-05,こどもの日,False
1983-09-15,敬老の日,False
1983-09-23,秋分の日,True
1983-10-10,体育の日,False
1983-11-03,文化の日,False
1983-11-23,勤労感謝の日,False
1983-12-29,年末年始休暇,False
1983-12-30,年末年始休暇,False
1983-12-31,年末年始休暇,False
1984-01-01,元日,False
1984-01-02,休日,False
1984-01-03,年末年始休暇,False
1984-01-15,成人の日,False
1984-01-16,休日,False
1984-02-11,建国記念の日,False
1984-03-20,春分の日,True
1984-04-29,天皇誕生日,False
1984-04-30,休日,False
1984-05-03,憲法記念日,False
1984-05-05,こどもの日,False
1984-09-15,敬老の日,False
1984-09-23,秋分の日,True
1984-09-24,休日,False
1984-10-10,体育の日,False
1984-11-03,文化の日,False
1984-11-23,勤労感謝の日,False
1984-12-29,年末年始休暇,False
1984-12-30,年末年始休暇,False
1984-12-31,年末年始休暇,False
1985-01-01,元日,False
1985-01-02,年末年始休暇,False
1985-01-03,年末年始休暇,False
1985-01-15,成人の日,False
1985-02-11,建国記念の日,False
1985-03-21,春分の日,True
1985-04-29,天皇誕生日,False
1985-05-03,憲法記念日,False
1985-05-05,こどもの日,False
1985-05-06,休日,False
1985-09-15,敬老の日,False
1985-09-16,休日,False
1985-09-23,秋分の日,True
1985-10-10,体育の日,False
1985-11-03,文化の日,False
1985-11-04,休日,False
1985-11-23,勤労感謝の日,False
1985-12-29,年末年始休暇,False
1985-12-30,年末年始休暇,False
1985-12-31,年末年始休暇,False
1986-01-01,元日,False
1986-01-02,年末年始休暇,False
1986-01-03,年末年始休暇,False
1986-01-15,成人の日,False
1986-02-11,建国記念の日,False
1986-03-21,春分の日,True
1986-04-29,天皇誕生日,False
1986-05-03,憲法記念日,False
1986-05-05,こどもの日,False
1986-09-15,敬老の日,False
1986-09-23,秋分の日,True
1986-10-10,体育の日,False
1986-11-03,文化の日,False
1986-11-23,勤労感謝の日,False
1986-11-24,休日,False
1986-12-29,年末年始休暇,False
1986-12-30,年末年始休暇,False
1986-12-31,年末年始休暇,False
1987-01-01,元日,False
1987-01-02,年末年始休暇,False
1987-01-03,年末年始休暇,False
1987-01-15,成人の日,False
1987-02-11,建国記念の日,False
1987-03-21,春分の日,True
1987-04-29,天皇誕生日,False
1987-05-03,憲法記念日,False
1987-05-04,国民の休日,False
1987-05-05,こどもの日,False
1987-09-15,敬老の日,False
1987-09-23,秋分の日,True
1987-10-10,体育の日,False
1987-11-03,文化の日,False
1987-11-23,勤労感謝の日,False
1987-12-29,年末年始休暇,False
1987-12-30,年末年始休暇,False
1987-12-31,年末年始休暇,False
1988-01-01,元日,False
1988-01-02,年末年始休暇,False
1988-01-03,年末年始休暇,False
1988-01-15,成人の日,False
1988-02-11,建国記念の日,False
1988-03-20,春分の日,True
1988-03-21,休日,False
1988-04-29,天皇誕生日,False
1988-05-03,憲法記念日,False
1988-05-04,国民の休日,False
1988-05-05,こどもの日,False
1988-09-15,敬老の日,False
1988-09-23,秋分の日,True
1988-10-10,体育の日,False
1988-11-03,文化の日,False
1988-11-23,勤労感謝の日,False
1988-12-29,年末年始休暇,False
1988-12-30,年末年始休暇,False
1988-12-31,年末年始休暇,False
1989-01-01,元日,False
1989-01-02,休日,False
1989-01-03,年末年始休暇,False
1989-01-15,成人の日,False
1989-01-16,休日,False
1989-02-11,建国記念の日,False
1989-02-24,大喪の礼,False
1989-03-21,春分の日,True
1989-04-29,みどりの日,False
1989-05-03,憲法記念日,False
1989-05-04,国民の休日,False
1989-05-05,こどもの日,False
1989-09-15,敬老の日,False
1989-09-23,秋分の日,True
1989-10-10,体育の日,False
1989-11-03,文化の日,False
1989-11-23,勤労感謝の日,False
1989-12-23,天皇誕生日,False
1989-12-29,年末年始休暇,False
1989-12-30,年末年始休暇,False
1989-12-31,年末年始休暇,False
1990-01-01,元日,False
1990-01-02,年末年始休暇,False
1990-01-03,年末年始休暇,False
1990-01-15,成人の日,False
1990-02-11,建国記念の日,False
1990-02-12,休日,False
1990-03-21,春分の日,True
1990-04-29,みどりの日,False
1990-04-30,休日,False
1990-05-03,憲法記念日,False
1990-05-04,国民の休日,False
1990-05-05,こどもの日,False
1990-09-15,敬老の日,False
1990-09-23,秋分の日,True
1990-09-24,休日,False
1990-10-10,体育の日,False
1990-11-03,文化の日,False
1990-11-12,即位礼正殿の儀,False
1990-11-23,勤労感謝の日,False
1990-12-23,天皇誕生日,False
1990-12-24,休日,False
1990-12-29,年末年始休暇,False
1990-12-30,年末年始休暇,False
1990-12-31,年末年始休暇,False
1991-01-01,元日,False
1991-01-02,年末年始休暇,False
1991-01-03,年末年始休暇,False
1991-01-15,成人の日,False
1991-02-11,建国記念の日,False
1991-03-21,春分の日,True
1991-04-29,みどりの日,False
1991-05-03,憲法記念日,False
1991-05-04,休日,False
1991-05-05,こどもの日,False
1991-05-06,休日,False
1991-09-15,敬老の日,False
1991-09-16,休日,False
1991-09-23,秋分の日,True
1991-10-10,体育の日,False
1991-11-03,文化の日,False
1991-11-04,休日,False
1991-11-23,勤労感謝の日,False
1991-12-23,天皇誕生日,False
1991-12-29,年末年始休暇,False
1991-12-30,年末年始休暇,False
1991-12-31,年末年始休暇,False
1992-01-01,元日,False
1992-01-02,年末年始休暇,False
1992-01-03,年末年始休暇,False
1992-01-15,成人の日,False
1992-02-11,建国記念の日,False
1992-03-20,春分の日,True
1992-04-29,みどりの日,False
1992-05-03,憲法記念日,False
1992-05-04,国民の休日,False
1992-05-05,こどもの日,False
1992-09-15,敬老の日,False
1992-09-23,秋分の日,True
1992-10-10,体育の日,False
1992-11-03,文化の日,False
1992-11-23,勤労感謝の日,False
1992-12-23,天皇誕生日,False
1992-12-29,年末年始休暇,False
1992-12-30,年末年始休暇,False
1992-12-31,年末年始休暇,False
1993-01-01,元日,False
1993-01-02,年末年始休暇,False
1993-01-03,年末年始休暇,False
1993-01-15,成人の日,False
1993-02-11,建国記念の日,False
1993-03-20,春分の日,True
1993-04-29,みどりの日,False
1993-05-03,憲法記念日,False
1993-05-04,国民の休日,False
1993-05-05,こどもの日,False
1993-06-09,結婚の儀,False
1993-09-15,敬老の日,False
1993-09-23,秋分の日,True
1993-10-10,体育の日,False
1993-10-11,休日,False
1993-11-03,文化の日,False
1993-11-23,勤労感謝の日,False
1993-12-23,天皇誕生日,False
1993-12-29,年末年始休暇,False
1993-12-30,年末年始休暇,False
1993-12-31,年末年始休暇,False
1994-01-01,元日,False
1994-01-02,年末年始休暇,False
1994-01-03,年末年始休暇,False
1994-01-15,成人の日,False
1994-02-11,建国記念の日,False
1994-03-21,春分の日,True
1994-04-29,みどりの日,False
1994-05-03,憲法記念日,False
1994-05-04,国民の休日,False
1994-05-05,こどもの日,False
1994-09-15,敬老の日,False
1994-09-23,秋分の日,True
1994-10-10,体育の日,False
1994-11-03,文化の日,False
1994-11-23,勤労感謝の日,False
1994-12-23,天皇誕生日,False
1994-12-29,年末年始休暇,False
1994-12-30,年末年始休暇,False
1994-12-31,年末年始休暇,False
1995-01-01,元日,False
1995-01-02,休日,False
1995-01-03,年末年始休暇,False
1995-01-15,成人の日,False
1995-01-16,休日,False
1995-02-11,建国記念の日,False
1995-03-21,春分の日,True
1995-04-29,みどりの日,False
1995-05-03,憲法記念日,False
1995-05-04,国民の休日,False
1995-05-05,こどもの日,False
1995-09-15,敬老の日,False
1995-09-23,秋分の日,True
1995-10-10,体育の日,False
1995-11-03,文化の日,False
1995-11-23,勤労感謝の日,False
1995-12-23,天皇誕生日,False
1995-12-29,年末年始休暇,False
1995-12-30,年末年始休暇,False
1995-12-31,年末年始休暇,False
1996-01-01,元日,False
1996-01-02,年末年始休暇,False
1996-01-03,年末年始休暇,False
1996-01-15,成人の日,False
1996-02-11,建国記念の日,False
1996-02-12,休日,False
1996-03-20,春分の日,True
1996-04-29,みどりの日,False
1996-05-03,憲法記念日,False
1996-05-04,休日,False
1996-05-05,こどもの日,False
1996-05-06,休日,False
1996-07-20,海の日,False
1996-09-15,敬老の日,False
1996-09-16,休日,False
1996-09-23,秋分の日,True
1996-10-10,体育の日,False
1996-11-03,文化の日,False
1996-11-04,休日,False
1996-11-23,勤労感謝の日,False
1996-12-23,天皇誕生日,False
1996-12-29,年末年始休暇,False
1996-12-30,年末年始休暇,False
1996-12-31,年末年始休暇,False
1997-01-01,元日,False
1997-01-02,年末年始休暇,False
1997-01-03,年末年始休暇,False
1997-01-15,成人の日,False
1997-02-11,建国記念の日,False
1997-03-20,春分の日,True
1997-04-29,みどりの日,False
1997-05-03,憲法記念日,False
1997-05-05,こどもの日,False
1997-07-20,海の日,False
1997-07-21,休日,False
1997-09-15,敬老の日,False
1997-09-23,秋分の日,True
1997-10-10,体育の日,False
1997-11-03,文化の日,False
1997-11-23,勤労感謝の日,False
1997-11-24,休日,False
1997-12-23,天皇誕生日,False
1997-12-29,年末年始休暇,False
1997-12-30,年末年始休暇,False
1997-12-31,年末年始休暇,False
1998-01-01,元日,False
1998-01-02,年末年始休暇,False
1998-01-03,年末年始休暇,False
1998-01-15,成人の日,False
1998-02-11,建国記念の日,False
1998-03-21,春分の日,True
1998-04-29,みどりの日,False
1998-05-03,憲法記念日,False
1998-05-04,国民の休日,False
1998-05-05,こどもの日,False
1998-07-20,海の日,False
1998-09-15,敬老の日,False
1998-09-23,秋分の日,True
1998-10-10,体育の日,False
1998-11-03,文化の日,False
1998-11-23,勤労感謝の日,False
1998-12-23,天皇誕生日,False
1998-12-29,年末年始休暇,False
1998-12-30,年末年始休暇,False
1998-12-31,年末年始休暇,False
1999-01-01,元日,False
1999-01-02,年末年始休暇,False
1999-01-03,年末年始休暇,False
1999-01-15,成人の日,False
1999-02-11,建国記念の日,False
1999-03-21,春分の日,True
1999-03-22,休日,False
1999-04-29,みどりの日,False
1999-05-03,憲法記念日,False
1999-05-04,国民の休日,False
1999-05-05,こどもの日,False
1999-07-20,海の日,False
1999-09-15,敬老の日,False
1999-09-23,秋分の日,True
1999-10-10,体育の日,False
1999-10-11,休日,False
1999-11-03,文化の日,False
1999-11-23,勤労感謝の日,False
1999-12-23,天皇誕生日,False
1999-12-29,年末年始休暇,False
1999-12-30,年末年始休暇,False
1999-12-31,年末年始休暇,False
2000-01-01,元日,False
2000-01-02,年末年始休暇,False
2000-01-03,年末年始休暇,False
2000-01-10,成人の日,False
2000-02-11,建国記念の日,False
2000-03-20,春分の日,True
2000-04-29,みどりの日,False
2000-05-03,憲法記念日,False
2000-05-04,国民の休日,False
2000-05-05,こどもの日,False
2000-07-20,海の日,False
2000-09-15,敬老の日,False
2000-09-23,秋分の日,True
2000-10-09,体育の日,False
2000-11-03,文化の日,False
2000-11-23,勤労感謝の日,False
2000-12-23,天皇誕生日,False
2000-12-29,年末年始休暇,False
2000-12-30,年末年始休暇,False
2000-12-31,年末年始休暇,False
2001-01-01,元日,False
2001-01-02,年末年始休暇,False
2001-01-03,年末年始休暇,False
2001-01-08,成人の日,False
2001-02-11,建国記念の日,False
2001-02-12,休日,False
2001-03-20,春分の日,True
2001-04-29,みどりの日,False
2001-04-30,休日,False
2001-05-03,憲法記念日,False
2001-05-04,国民の休日,False
2001-05-05,こどもの日,False
2001-07-20,海の日,False
2001-09-15,敬老の日,False
2001-09-23,秋分の日,True
2001-09-24,休日,False
2001-10-08,体育の日,False
2001-11-03,文化の日,False
2001-11-23,勤労感謝の日,False
2001-12-23,天皇誕生日,False
2001-12-24,休日,False
2001-12-29,年末年始休暇,False
2001-12-30,年末年始休暇,False
2001-12-31,年末年始休暇,False
2002-01-01,元日,False
2002-01-02,年末年始休暇,False
2002-01-03,年末年始休暇,False
2002-01-14,成人の日,False
2002-02-11,建国記念の日,False
2002-03-21,春分の日,True
2002-04-29,みどりの日,False
2002-05-03,憲法記念日,False
2002-05-04,休日,False
2002-05-05,こどもの日,False
2002-05-06,休日,False
2002-07-20,海の日,False
2002-09-15,敬老の日,False
2002-09-16,休日,False
2002-09-23,秋分の日,True
2002-10-14,体育の日,False
2002-11-03,文化の日,False
2002-11-04,休日,False
2002-11-23,勤労感謝の日,False
2002-12-23,天皇誕生日,False
2002-12-29,年末年始休暇,False
2002-12-30,年末年始休暇,False
2002-12-31,年末年始休暇,False
2003-01-01,元日,False
2003-01-02,年末年始休暇,False
2003-01-03,年末年始休暇,False
2003-01-13,成人の日,False
2003-02-11,建国記念の日,False
2003-03-21,春分の日,True
2003-04-29,みどりの日,False
2003-05-03,憲法記念日,False
2003-05-05,こどもの日,False
2003-07-21,海の日,False
2003-09-15,敬老の日,False
2003-09-23,秋分の日,True
2003-10-13,体育の日,False
2003-11-03,文化の日,False
2003-11-23,勤労感謝の日,False
2003-11-24,休日,False
2003-12-23,天皇誕生日,False
2003-12-29,年末年始休暇,False
2003-12-30,年末年始休暇,False
2003-12-31,年末年始休暇,False
2004-01-01,元日,False
2004-01-02,年末年始休暇,False
2004-01-03,年末年始休暇,False
2004-01-12,成人の日,False
2004-02-11,建国記念の日,False
2004-03-20,春分の日,True
2004-04-29,みどりの日,False
2004-05-03,憲法記念日,False
2004-05-04,国民の休日,False
2004-05-05,こどもの日,False
2004-07-19,海の日,False
2004-09-20,敬老の日,False
2004-09-23,秋分の日,True
2004-10-11,体育の日,False
2004-11-03,文化の日,False
2004-11-23,勤労感謝の日,False
2004-12-23,天皇誕生日,False
2004-12-29,年末年始休暇,False
2004-12-30,年末年始休暇,False
2004-12-31,年末年始休暇,False
2005-01-01,元日,False
2005-01-02,年末年始休暇,False
2005-01-03,年末年始休暇,False
2005-01-10,成人の日,False
2005-02-11,建国記念の日,False
2005-03-20,春分の日,True
2005-03-21,休日,False
2005-04-29,みどりの日,False
2005-05-03,憲法記念日,False
2005-05-04,国民の休日,False
2005-05-05,こどもの日,False
2005-07-18,海の日,False
2005-09-19,敬老の日,False
2005-09-23,秋分の日,True
2005-10-10,体育の日,False
2005-11-03,文化の日,False
2005-11-23,勤労感謝の日,False
2005-12-23,天皇誕生日,False
2005-12-29,年末年始休暇,False
2005-12-30,年末年始休暇,False
2005-12-31,年末年始休暇,False
2006-01-01,元日,False
2006-01-02,休日,False
2006-01-03,年末年始休暇,False
2006-01-09,成人の日,False
2006-02-11,建国記念の日,False
2006-03-21,春分の日,True
2006-04-29,みどりの日,False
2006-05-03,憲法記念日,False
2006-05-04,国民の休日,False
2006-05-05,こどもの日,False
2006-07-17,海の日,False
2006-09-18,敬老の日,False
2006-09-23,秋分の日,True
2006-10-09,体育の日,False
2006-11-03,文化の日,False
2006-11-23,勤労感謝の日,False
2006-12-23,天皇誕生日,False
2006-12-29,年末年始休暇,False
2006-12-30,年末年始休暇,False
2006-12-31,年末年始休暇,False
2007-01-01,元日,False
2007-01-02,年末年始休暇,False
2007-01-03,年末年始休暇,False
2007-01-08,成人の日,False
2007-02-11,建国記念の日,False
2007-02-12,振替休日,False
2007-03-21,春分の日,True
2007-04-29,昭和の日,False
2007-04-30,振替休日,False
2007-05-03,憲法記念日,False
2007-05-04,みどりの日,False
2007-05-05,こどもの日,False
2007-07-16,海の日,False
2007-09-17,敬老の日,False
2007-09-23,秋分の日,True
2007-09-24,振替休日,False
2007-10-08,体育の日,False
2007-11-03,文化の日,False
2007-11-23,勤労感謝の日,False
2007-12-23,天皇誕生日,False
2007-12-24,振替休日,False
2007-12-29,年末年始休暇,False
2007-12-30,年末年始休暇,False
2007-12-31,年末年始休暇,False
2008-01-01,元日,False
2008-01-02,年末年始休暇,False
2008-01-03,年末年始休暇,False
2008-01-14,成人の日,False
2008-02-11,建国記念の日,False
2008-03-20,春分の日,True
2008-04-29,昭和の日,False
2008-05-03,憲法記念日,False
2008-05-04,みどりの日,False
2008-05-05,こどもの日,False
2008-05-06,振替休日,False
2008-07-21,海の日,False
2008-09-15,敬老の日,False
2008-09-23,秋分の日,True
2008-10-13,体育の日,False
2008-11-03,文化の日,False
2008-11-23,勤労感謝の日,False
2008-11-24,振替休日,False
2008-12-23,天皇誕生日,False
2008-12-29,年末年始休暇,False
2008-12-30,年末年始休暇,False
2008-12-31,年末年始休暇,False
2009-01-01,元日,False
2009-01-02,年末年始休暇,False
2009-01-03,年末年始休暇,False
2009-01-12,成人の日,False
2009-02-11,建国記念の日,False
2009-03-20,春分の日,True
2009-04-29,昭和の日,False
2009-05-03,憲法記念日,False
2009-05-04,みどりの日,False
2009-05-05,こどもの日,False
2009-05-06,振替休日,False
2009-07-20,海の日,False
2009-09-21,敬老の日,False
2009-09-22,国民の休日,False
2009-09-23,秋分の日,True
2009-10-12,体育の日,False
2009-11-03,文化の日,False
2009-11-23,勤労感謝の日,False
2009-12-23,天皇誕生日,False
2009-12-29,年末年始休暇,False
2009-12-30,年末年始休暇,False
2009-12-31,年末年始休暇,False
2010-01-01,元日,False
2010-01-02,年末年始休暇,False
2010-01-03,年末年始休暇,False
2010-01-11,成人の日,False
2010-02-11,建国記念の日,False
2010-03-21,春分の日,True
2010-03-22,振替休日,False
2010-04-29,昭和の日,False
2010-05-03,憲法記念日,False
2010-05-04,みどりの日,False
2010-05-05,こどもの日,False
2010-07-19,海の日,False
2010-09-20,敬老の日,False
2010-09-23,秋分の日,True
2010-10-11,体育の日,False
2010-11-03,文化の日,False
2010-11-23,勤労感謝の日,False
2010-12-23,天皇誕生日,False
2010-12-29,年末年始休暇,False
2010-12-30,年末年始休暇,False
2010-12-31,年末年始休暇,False
2011-01-01,元日,False
2011-01-02,年末年始休暇,False
2011-01-03,年末年始休暇,False
2011-01-10,成人の日,False
2011-02-11,建国記念の日,False
2011-03-21,春分の日,True
2011-04-29,昭和の日,False
2011-05-03,憲法記念日,False
2011-05-04,みどりの日,False
2011-05-05,こどもの日,False
2011-07-18,海の日,False
2011-09-19,敬老の日,False
2011-09-23,秋分の日,True
2011-10-10,体育の日,False
2011-11-03,文化の日,False
2011-11-23,勤労感謝の日,False
2011-12-23,天皇誕生日,False
2011-12-29,年末年始休暇,False
2011-12-30,年末年始休暇,False
2011-12-31,年末年始休暇,False
2012-01-01,元日,False
2012-01-02,振替休日,False
2012-01-03,年末年始休暇,False
2012-01-09,成人の日,False
2012-02-11,建国記念の日,False
2012-03-20,春分の日,True
2012-04-29,昭和の日,False
2012-04-30,振替休日,False
2012-05-03,憲法記念日,False
2012-05-04,みどりの日,False
2012-05-05,こどもの日,False
2012-07-16,海の日,False
2012-09-17,敬老の日,False
2012-09-22,秋分の日,True
2012-10-08,体育の日,False
2012-11-03,文化の日,False
2012-11-23,勤労感謝の日,False
2012-12-23,天皇誕生日,False
2012-12-24,振替休日,False
2012-12-29,年末年始休暇,False
2012-12-30,年末年始休暇,False
2012-12-31,年末年始休暇,False
2013-01-01,元日,False
2013-01-02,年末年始休暇,False
2013-01-03,年末年始休暇,False
2013-01-14,成人の日,False
2013-02-11,建国記念の日,False
2013-03-20,春分の日,True
2013-04-29,昭和の日,False
2013-05-03,憲法記念日,False
2013-05-04,みどりの日,False
2013-05-05,こどもの日,False
2013-05-06,振替休日,False
2013-07-15,海の日,False
2013-09-16,敬老の日,False
2013-09-23,秋分の日,True
2013-10-14,体育の日,False
2013-11-03,文化の日,False
2013-11-04,振替休日,False
2013-11-23,勤労感謝の日,False
2013-12-23,天皇誕生日,False
2013-12-29,年末年始休暇,False
2013-12-30,年末年始休暇,False
2013-12-31,年末年始休暇,False
2014-01-01,元日,False
2014-01-02,年末年始休暇,False
2014-01-03,年末年始休暇,False
2014-01-13,成人の日,False
2014-02-11,建国記念の日,False
2014-03-21,春分の日,True
2014-04-29,昭和の日,False
2014-05-03,憲法記念日,False
2014-05-04,みどりの日,False
2014-05-05,こどもの日,False
2014-05-06,振替休日,False
2014-07-21,海の日,False
2014-09-15,敬老の日,False
2014-09-23,秋分の日,True
2014-10-13,体育の日,False
2014-11-03,文化の日,False
2014-11-23,勤労感謝の日,False
2014-11-24,振替休日,False
2014-12-23,天皇誕生日,False
2014-12-29,年末年始休暇,False
2014-12-30,年末年始休暇,False
2014-12-31,年末年始休暇,False
2015-01-01,元日,False
2015-01-02,年末年始休暇,False
2015-01-03,年末年始休暇,False
2015-01-12,成人の日,False
2015-02-11,建国記念の日,False
2015-03-21,春分の日,True
2015-04-29,昭和の日,False
2015-05-03,憲法記念日,False
2015-05-04,みどりの日,False
2015-05-05,こどもの日,False
2015-05-06,振替休日,False
2015-07-20,海の日,False
2015-09-21,敬老の日,False
2015-09-22,国民の休日,False
2015-09-23,秋分の日,True
2015-10-12,体育の日,False
2015-11-03,文化の日,False
2015-11-23,勤労感謝の日,False
2015-12-23,天皇誕生日,False
2015-12-29,年末年始休暇,False
2015-12-30,年末年始休暇,False
2015-12-31,年末年始休暇,False
2016-01-01,元日,False
2016-01-02,年末年始休暇,False
2016-01-03,年末年始休暇,False
2016-01-11,成人の日,False
2016-02-11,建国記念の日,False
2016-03-20,春分の日,True
2016-03-21,振替休日,False
2016-04-29,昭和の日,False
2016-05-03,憲法記念日,False
2016-05-04,みどりの日,False
2016-05-05,こどもの日,False
2016-07-18,海の日,False
2016-08-11,山の日,False
2016-09-19,敬老の日,False
2016-09-22,秋分の日,True
2016-10-10,体育の日,False
2016-11-03,文化の日,False
2016-11-23,勤労感謝の日,False
2016-12-23,天皇誕生日,False
2016-12-29,年末年始休暇,False
2016-12-30,年末年始休暇,False
2016-12-31,年末年始休暇,False
2017-01-01,元日,False
2017-01-02,振替休日,False
2017-01-03,年末年始休暇,False
2017-01-09,成人の日,False
2017-02-11,建国記念の日,False
2017-03-20,春分の日,True
2017-04-29,昭和の日,False
2017-05-03,憲法記念日,False
2017-05-04,みどりの日,False
2017-05-05,こどもの日,False
2017-07-17,海の日,False
2017-08-11,山の日,False
2017-09-18,敬老の日,False
2017-09-23,秋分の日,True
2017-10-09,体育の日,False
2017-11-03,文化の日,False
2017-11-23,勤労感謝の日,False
2017-12-23,天皇誕生日,False
2017-12-29,年末年始休暇,False
2017-12-30,年末年始休暇,False
2017-12-31,年末年始休暇,False
2018-01-01,元日,False
2018-01-02,年末年始休暇,False
2018-01-03,年末年始休暇,False
2018-01-08,成人の日,False
2018-02-11,建国記念の日,False
2018-02-12,振替休日,False
2018-03-21,春分の日,True
2018-04-29,昭和の日,False
2018-04-30,振替休日,False
2018-05-03,憲法記念日,False
2018-05-04,みどりの日,False
2018-05-05,こどもの日,False
2018-07-16,海の日,False
2018-08-11,山の日,False
2018-09-17,敬老の日,False
2018-09-23,秋分の日,True
2018-09-24,振替休日,False
2018-10-08,体育の日,False
2018-11-03,文化の日,False
2018-11-23,勤労感謝の日,False
2018-12-23,天皇誕生日,False
2018-12-24,振替休日,False
2018-12-29,年末年始休暇,False
2018-12-30,年末年始休暇,False
2018-12-31,年末年始休暇,False
2019-01-01,元日,False
2019-01-02,年末年始休暇,False
2019-01-03,年末年始休暇,False
2019-01-14,成人の日,False
2019-02-11,建国記念の日,False
2019-03-21,春分の日,True
2019-04-29,昭和の日,False
2019-04-30,国民の休日,False
2019-05-01,天皇の即位の日,False
2019-05-02,国民の休日,False
2019-05-03,憲法記念日,False
2019-05-04,みどりの日,False
2019-05-05,こどもの日,False
2019-05-06,振替休日,False
2019-07-15,海の日,False
2019-08-11,山の日,False
2019-08-12,振替休日,False
2019-09-16,敬老の日,False
2019-09-23,秋分の日,True
2019-10-14,体育の日,False
2019-10-22,即位礼正殿の儀の行われる日,False
2019-11-03,文化の日,False
2019-11-04,振替休日,False
2019-11-23,勤労感謝の日,False
2019-12-29,年末年始休暇,False
2019-12-30,年末年始休暇,False
2019-12-31,年末年始休暇,False
2020-01-01,元日,False
2020-01-02,年末年始休暇,False
2020-01-03,年末年始休暇,False
2020-01-13,成人の日,False
2020-02-11,建国記念の日,False
2020-02-23,天皇誕生日,False
2020-02-24,振替休日,False
2020-03-20,春分の日,True
2020-04-29,昭和の日,False
2020-05-03,憲法記念日,False
2020-05-04,みどりの日,False
2020-05-05,こどもの日,False
2020-05-06,振替休日,False
2020-07-23,海の日,False
2020-07-24,スポーツの日,False
2020-08-10,山の日,False
2020-09-21,敬老の日,False
2020-09-22,秋分の日,True
2020-11-03,文化の日,False
2020-11-23,勤労感謝の日,False
2020-12-29,年末年始休暇,False
2020-12-30,年末年始休暇,False
2020-12-31,年末年始休暇,False
2021-01-01,元日,False
2021-01-02,年末年始休暇,False
2021-01-03,年末年始休暇,False
2021-01-11,成人の日,False
2021-02-11,建国記念の日,False
2021-02-23,天皇誕生日,False
2021-03-20,春分の日,True
2021-04-29,昭和の日,False
2021-05-03,憲法記念日,False
2021-05-04,みどりの日,False
2021-05-05,こどもの日,False
2021-07-19,海の日,False
2021-07-22,海の日,False
2021-07-23,スポーツの日,False
2021-08-08,山の日,False
2021-08-09,休日,False
2021-08-11,山の日,False
2021-09-20,敬老の日,False
2021-09-23,秋分の日,True
2021-10-11,スポーツの日,False
2021-11-03,文化の日,False
2021-11-23,勤労感謝の日,False
2021-12-29,年末年始休暇,False
2021-12-30,年末年始休暇,False
2021-12-31,年末年始休暇,False
2022-01-01,元日,False
2022-01-02,年末年始休暇,False
2022-01-03,年末年始休暇,False
2022-01-10,成人の日,False
2022-02-11,建国記念の日,False
2022-02-23,天皇誕生日,False
2022-03-21,春分の日,True
2022-04-29,昭和の日,False
2022-05-03,憲法記念日,False
2022-05-04,みどりの日,False
2022-05-05,こどもの日,False
2022-07-18,海の日,False
2022-08-11,山の日,False
2022-09-19,敬老の日,False
2022-09-23,秋分の日,True
2022-10-10,スポーツの日,False
2022-11-03,文化の日,False
2022-11-23,勤労感謝の日,False
2022-12-29,年末年始休暇,False
2022-12-30,年末年始休暇,False
2022-12-31,年末年始休暇,False
2023-01-01,元日,False
2023-01-02,振替休日,False
2023-01-03,年末年始休暇,False
2023-01-09,成人の日,False
2023-02-11,建国記念の日,False
2023-02-23,天皇誕生日,False
2023-03-21,春分の日,True
2023-04-29,昭和の日,False
2023-05-03,憲法記念日,False
2023-05-04,みどりの日,False
2023-05-05,こどもの日,False
2023-07-17,海の日,False
2023-08-11,山の日,False
2023-09-18,敬老の日,False
2023-09-23,秋分の日,True
2023-10-09,スポーツの日,False
2023-11-03,文化の日,False
2023-11-23,勤労感謝の日,False
2023-12-29,年末年始休暇,False
2023-12-30,年末年始休暇,False
2023-12-31,年末年始休暇,False
2024-01-01,元日,False
2024-01-02,年末年始休暇,False
2024-01-03,年末年始休暇,False
2024-01-08,成人の日,False
2024-02-11,建国記念の日,False
2024-02-12,振替休日,False
2024-02-23,天皇誕生日,False
2024-03-20,春分の日,True
2024-04-29,昭和の日,False
2024-05-03,憲法記念日,False
2024-05-04,みどりの日,False
2024-05-05,こどもの日,False
2024-05-06,振替休日,False
2024-07-15,海の日,False
2024-08-11,山の日,False
2024-08-12,振替休日,False
2024-09-16,敬老の日,False
2024-09-22,秋分の日,True
2024-09-23,振替休日,False
2024-10-14,スポーツの日,False
2024-11-03,文化の日,False
2024-11-04,振替休日,False
2024-11-23,勤労感謝の日,False
2024-12-29,年末年始休暇,False
2024-12-30,年末年始休暇,False
2024-12-31,年末年始休暇,False
2025-01-01,元日,False
2025-01-02,年末年始休暇,False
2025-01-03,年末年始休暇,False
2025-01-13,成人の日,False
2025-02-11,建国記念の日,False
2025-02-23,天皇誕生日,False
2025-02-24,振替休日,False
2025-03-20,春分の日,True
2025-04-29,昭和の日,False
2025-05-03,憲法記念日,False
2025-05-04,みどりの日,False
2025-05-05,こどもの日,False
2025-05-06,振替休日,False
2025-07-21,海の日,False
2025-08-11,山の日,False
2025-09-15,敬老の日,False
2025-09-23,秋分の日,True
2025-10-13,スポーツの日,False
2025-11-03,文化の日,False
2025-11-23,勤労感謝の日,False
2025-11-24,振替休日,False
2025-12-29,年末年始休暇,False
2025-12-30,年末年始休暇,False
2025-12-31,年末年始休暇,False
2026-01-01,元日,False
2026-01-02,年末年始休暇,False
2026-01-03,年末年始休暇,False
2026-01-12,成人の日,False
2026-02-11,建国記念の日,False
2026-02-23,天皇誕生日,False
2026-03-20,春分の日,True
2026-04-29,昭和の日,False
2026-05-03,憲法記念日,False
2026-05-04,みどりの日,False
2026-05-05,こどもの日,False
2026-05-06,振替休日,False
2026-07-20,海の日,False
2026-08-11,山の日,False
2026-09-21,敬老の日,False
2026-09-22,国民の休日,False
2026-09-23,秋分の日,True
2026-10-12,スポーツの日,False
2026-11-03,文化の日,False
2026-11-23,勤労感謝の日,False
2026-12-29,年末年始休暇,False
2026-12-30,年末年始休暇,False
2026-12-31,年末年始休暇,False
2027-01-01,元日,False
2027-01-02,年末年始休暇,False
2027-01-03,年末年始休暇,False
2027-01-11,成人の日,False
2027-02-11,建国記念の日,False
2027-02-23,天皇誕生日,False
2027-03-21,春分の日,True
2027-03-22,振替休日,False
2027-04-29,昭和の日,False
2027-05-03,憲法記念日,False
2027-05-04,みどりの日,False
2027-05-05,こどもの日,False
2027-07-19,海の日,False
2027-08-11,山の日,False
2027-09-20,敬老の日,False
2027-09-23,秋分の日,True
2027-10-11,スポーツの日,False
2027-11-03,文化の日,False
2027-11-23,勤労感謝の日,False
2027-12-29,年末年始休暇,False
2027-12-30,年末年始休暇,False
2027-12-31,年末年始休暇,False
2028-01-01,元日,False
2028-01-02,年末年始休暇,False
2028-01-03,年末年始休暇,False
2028-01-10,成人の日,False
2028-02-11,建国記念の日,False
2028-02-23,天皇誕生日,False
2028-03-20,春分の日,True
2028-04-29,昭和の日,False
2028-05-03,憲法記念日,False
2028-05-04,みどりの日,False
2028-05-05,こどもの日,False
2028-07-17,海の日,False
2028-08-11,山の日,False
2028-09-18,敬老の日,False
2028-09-22,秋分の日,True
2028-10-09,スポーツの日,False
2028-11-03,文化の日,False
2028-11-23,勤労感謝の日,False
2028-12-29,年末年始休暇,False
2028-12-30,年末年始休暇,False
2028-12-31,年末年始休暇,False
2029-01-01,元日,False
2029-01-02,年末年始休暇,False
2029-01-03,年末年始休暇,False
2029-01-08,成人の日,False
2029-02-11,建国記念の日,False
2029-02-12,振替休日,False
2029-02-23,天皇誕生日,False
2029-03-20,春分の日,True
2029-04-29,昭和の日,False
2029-04-30,振替休日,False
2029-05-03,憲法記念日,False
2029-05-04,みどりの日,False
2029-05-05,こどもの日,False
2029-07-16,海の日,False
2029-08-11,山の日,False
2029-09-17,敬老の日,False
2029-09-23,秋分の日,True
2029-09-24,振替休日,False
2029-10-08,スポーツの日,False
2029-11-03,文化の日,False
2029-11-23,勤労感謝の日,False
2029-12-29,年末年始休暇,False
2029-12-30,年末年始休暇,False
2029-12-31,年末年始休暇,False
2030-01-01,元日,False
2030-01-02,年末年始休暇,False
2030-01-03,年末年始休暇,False
2030-01-14,成人の日,False
2030-02-11,建国記念の日,False
2030-02-23,天皇誕生日,False
2030-03-20,春分の日,True
2030-04-29,昭和の日,False
2030-05-03,憲法記念日,False
2030-05-04,みどりの日,False
2030-05-05,こどもの日,False
2030-05-06,振替休日,False
2030-07-15,海の日,False
2030-08-11,山の日,False
2030-08-12,振替休日,False
2030-09-16,敬老の日,False
2030-09-23,秋分の日,True
2030-10-14,スポーツの日,False
2030-11-03,文化の日,False
2030-11-04,振替休日,False
2030-11-23,勤労感謝の日,False
2030-12-29,年末年始休暇,False
2030-12-30,年末年始休暇,False
2030-12-31,年末年始休暇,False
2031-01-01,元日,False
2031-01-02,年末年始休暇,False
2031-01-03,年末年始休暇,False
2031-01-13,成人の日,False
2031-02-11,建国記念の日,False
2031-02-23,天皇誕生日,False
2031-02-24,振替休日,False
2031-03-21,春分の日,True
2031-04-29,昭和の日,False
2031-05-03,憲法記念日,False
2031-05-04,みどりの日,False
2031-05-05,こどもの日,False
2031-05-06,振替休日,False
2031-07-21,海の日,False
2031-08-11,山の日,False
2031-09-15,敬老の日,False
2031-09-23,秋分の日,True
2031-10-13,スポーツの日,False
2031-11-03,文化の日,False
2031-11-23,勤労感謝の日,False
2031-11-24,振替休日,False
2031-12-29,年末年始休暇,False
2031-12-30,年末年始休暇,False
2031-12-31,年末年始休暇,False
2032-01-01,元日,False
2032-01-02,年末年始休暇,False
2032-01-03,年末年始休暇,False
2032-01-12,成人の日,False
2032-02-11,建国記念の日,False
2032-02-23,天皇誕生日,False
2032-03-20,春分の日,True
2032-04-29,昭和の日,False
2032-05-03,憲法記念日,False
2032-05-04,みどりの日,False
2032-05-05,こどもの日,False
2032-07-19,海の日,False
2032-08-11,山の日,False
2032-09-20,敬老の日,False
2032-09-21,国民の休日,False
2032-09-22,秋分の日,True
2032-10-11,スポーツの日,False
2032-11-03,文化の日,False
2032-11-23,勤労感謝の日,False
2032-12-29,年末年始休暇,False
2032-12-30,年末年始休暇,False
2032-12-31,年末年始休暇,False
2033-01-01,元日,False
2033-01-02,年末年始休暇,False
2033-01-03,年末年始休暇,False
2033-01-10,成人の日,False
2033-02-11,建国記念の日,False
2033-02-23,天皇誕生日,False
2033-03-20,春分の日,True
2033-03-21,振替休日,False
2033-04-29,昭和の日,False
2033-05-03,憲法記念日,False
2033-05-04,みどりの日,False
2033-05-05,こどもの日,False
2033-07-18,海の日,False
2033-08-11,山の日,False
2033-09-19,敬老の日,False
2033-09-23,秋分の日,True
2033-10-10,スポーツの日,False
2033-11-03,文化の日,False
2033-11-23,勤労感謝の日,False
2033-12-29,年末年始休暇,False
2033-12-30,年末年始休暇,False
2033-12-31,年末年始休暇,False
2034-01-01,元日,False
2034-01-02,振替休日,False
2034-01-03,年末年始休暇,False
2034-01-09,成人の日,False
2034-02-11,建国記念の日,False
2034-02-23,天皇誕生日,False
2034-03-20,春分の日,True
2034-04-29,昭和の日,False
2034-05-03,憲法記念日,False
2034-05-04,みどりの日,False
2034-05-05,こどもの日,False
2034-07-17,海の日,False
2034-08-11,山の日,False
2034-09-18,敬老の日,False
2034-09-23,秋分の日,True
2034-10-09,スポーツの日,False
2034-11-03,文化の日,False
2034-11-23,勤労感謝の日,False
2034-12-29,年末年始休暇,False
2034-12-30,年末年始休暇,False
2034-12-31,年末年始休暇,False
2035-01-01,元日,False
2035-01-02,年末年始休暇,False
2035-01-03,年末年始休暇,False
2035-01-08,成人の日,False
2035-02-11,建国記念の日,False
2035-02-12,振替休日,False
2035-02-23,天皇誕生日,False
2035-03-21,春分の日,True
2035-04-29,昭和の日,False
2035-04-30,振替休日,False
2035-05-03,憲法記念日,False
2035-05-04,みどりの日,False
2035-05-05,こどもの日,False
2035-07-16,海の日,False
2035-08-11,山の日,False
2035-09-17,敬老の日,False
2035-09-23,秋分の日,True
2035-09-24,振替休日,False
2035-10-08,スポーツの日,False
2035-11-03,文化の日,False
2035-11-23,勤労感謝の日,False
2035-12-29,年末年始休暇,False
2035-12-30,年末年始休暇,False
2035-12-31,年末年始休暇,False
2036-01-01,元日,False
2036-01-02,年末年始休暇,False
2036-01-03,年末年始休暇,False
2036-01-14,成人の日,False
2036-02-11,建国記念の日,False
2036-02-23,天皇誕生日,False
2036-03-20,春分の日,True
2036-04-29,昭和の日,False
2036-05-03,憲法記念日,False
2036-05-04,みどりの日,False
2036-05-05,こどもの日,False
2036-05-06,振替休日,False
2036-07-21,海の日,False
2036-08-11,山の日,False
2036-09-15,敬老の日,False
2036-09-22,秋分の日,True
2036-10-13,スポーツの日,False
2036-11-03,文化の日,False
2036-11-23,勤労感謝の日,False
2036-11-24,振替休日,False
2036-12-29,年末年始休暇,False
2036-12-30,年末年始休暇,False
2036-12-31,年末年始休暇,False
2037-01-01,元日,False
2037-01-02,年末年始休暇,False
2037-01-03,年末年始休暇,False
2037-01-12,成人の日,False
2037-02-11,建国記念の日,False
2037-02-23,天皇誕生日,False
2037-03-20,春分の日,True
2037-04-29,昭和の日,False
2037-05-03,憲法記念日,False
2037-05-04,みどりの日,False
2037-05-05,こどもの日,False
2037-05-06,振替休日,False
2037-07-20,海の日,False
2037-08-11,山の日,False
2037-09-21,敬老の日,False
2037-09-22,国民の休日,False
2037-09-23,秋分の日,True
2037-10-12,スポーツの日,False
2037-11-03,文化の日,False
2037-11-23,勤労感謝の日,False
2037-12-29,年末年始休暇,False
2037-12-30,年末年始休暇,False
2037-12-31,年末年始休暇,False
2038-01-01,元日,False
2038-01-02,年末年始休暇,False
2038-01-03,年末年始休暇,False
2038-01-11,成人の日,False
2038-02-11,建国記念の日,False
2038-02-23,天皇誕生日,False
2038-03-20,春分の日,True
2038-04-29,昭和の日,False
2038-05-03,憲法記念日,False
2038-05-04,みどりの日,False
2038-05-05,こどもの日,False
2038-07-19,海の日,False
2038-08-11,山の日,False
2038-09-20,敬老の日,False
2038-09-23,秋分の日,True
2038-10-11,スポーツの日,False
2038-11-03,文化の日,False
2038-11-23,勤労感謝の日,False
2038-12-29,年末年始休暇,False
2038-12-30,年末年始休暇,False
2038-12-31,年末年始休暇,False
2039-01-01,元日,False
2039-01-02,年末年始休暇,False
2039-01-03,年末年始休暇,False
2039-01-10,成人の日,False
2039-02-11,建国記念の日,False
2039-02-23,天皇誕生日,False
2039-03-21,春分の日,True
2039-04-29,昭和の日,False
2039-05-03,憲法記念日,False
2039-05-04,みどりの日,False
2039-05-05,こどもの日,False
2039-07-18,海の日,False
2039-08-11,山の日,False
2039-09-19,敬老の日,False
2039-09-23,秋分の日,True
2039-10-10,スポーツの日,False
2039-11-03,文化の日,False
2039-11-23,勤労感謝の日,False
2039-12-29,年末年始休暇,False
2039-12-30,年末年始休暇,False
2039-12-31,年末年始休暇,False
2040-01-01,元日,False
2040-01-02,振替休日,False
2040-01-03,年末年始休暇,False
2040-01-09,成人の日,False
2040-02-11,建国記念の日,False
2040-02-23,天皇誕生日,False
2040-03-20,春分の日,True
2040-04-29,昭和の日,False
2040-04-30,振替休日,False
2040-05-03,憲法記念日,False
2040-05-04,みどりの日,False
2040-05-05,こどもの日,False
2040-07-16,海の日,False
2040-08-11,山の日,False
2040-09-17,敬老の日,False
2040-09-22,秋分の日,True
2040-10-08,スポーツの日,False
2040-11-03,文化の日,False
2040-11-23,勤労感謝の日,False
2040-12-29,年末年始休暇,False
2040-12-30,年末年始休暇,False
2040-12-31,年末年始休暇,False
2041-01-01,元日,False
2041-01-02,年末年始休暇,False
2041-01-03,年末年始休暇,False
2041-01-14,成人の日,False
2041-02-11,建国記念の日,False
2041-02-23,天皇誕生日,False
2041-03-20,春分の日,True
2041-04-29,昭和の日,False
2041-05-03,憲法記念日,False
2041-05-04,みどりの日,False
2041-05-05,こどもの日,False
2041-05-06,振替休日,False
2041-07-15,海の日,False
2041-08-11,山の日,False
2041-08-12,振替休日,False
2041-09-16,敬老の日,False
2041-09-23,秋分の日,True
2041-10-14,スポーツの日,False
2041-11-03,文化の日,False
2041-11-04,振替休日,False
2041-11-23,勤労感謝の日,False
2041-12-29,年末年始休暇,False
2041-12-30,年末年始休暇,False
2041-12-31,年末年始休暇,False
2042-01-01,元日,False
2042-01-02,年末年始休暇,False
2042-01-03,年末年始休暇,False
2042-01-13,成人の日,False
2042-02-11,建国記念の日,False
2042-02-23,天皇誕生日,False
2042-02-24,振替休日,False
2042-03-20,春分の日,True
2042-04-29,昭和の日,False
2042-05-03,憲法記念日,False
2042-05-04,みどりの日,False
2042-05-05,こどもの日,False
2042-05-06,振替休日,False
2042-07-21,海の日,False
2042-08-11,山の日,False
2042-09-15,敬老の日,False
2042-09-23,秋分の日,True
2042-10-13,スポーツの日,False
2042-11-03,文化の日,False
2042-11-23,勤労感謝の日,False
2042-11-24,振替休日,False
2042-12-29,年末年始休暇,False
2042-12-30,年末年始休暇,False
2042-12-31,年末年始休暇,False
2043-01-01,元日,False
2043-01-02,年末年始休暇,False
2043-01-03,年末年始休暇,False
2043-01-12,成人の日,False
2043-02-11,建国記念の日,False
2043-02-23,天皇誕生日,False
2043-03-21,春分の日,True
2043-04-29,昭和の日,False
2043-05-03,憲法記念日,False
2043-05-04,みどりの日,False
2043-05-05,こどもの日,False
2043-05-06,振替休日,False
2043-07-20,海の日,False
2043-08-11,山の日,False
2043-09-21,敬老の日,False
2043-09-22,国民の休日,False
2043-09-23,秋分の日,True
2043-10-12,スポーツの日,False
2043-11-03,文化の日,False
2043-11-23,勤労感謝の日,False
2043-12-29,年末年始休暇,False
2043-12-30,年末年始休暇,False
2043-12-31,年末年始休暇,False
2044-01-01,元日,False
2044-01-02,年末年始休暇,False
2044-01-03,年末年始休暇,False
2044-01-11,成人の日,False
2044-02-11,建国記念の日,False
2044-02-23,天皇誕生日,False
2044-03-20,春分の日,True
2044-03-21,振替休日,False
2044-04-29,昭和の日,False
2044-05-03,憲法記念日,False
2044-05-04,みどりの日,False
2044-05-05,こどもの日,False
2044-07-18,海の日,False
2044-08-11,山の日,False
2044-09-19,敬老の日,False
2044-09-22,秋分の日,True
2044-10-10,スポーツの日,False
2044-11-03,文化の日,False
2044-11-23,勤労感謝の日,False
2044-12-29,年末年始休暇,False
2044-12-30,年末年始休暇,False
2044-12-31,年末年始休暇,False
2045-01-01,元日,False
2045-01-02,振替休日,False
2045-01-03,年末年始休暇,False
2045-01-09,成人の日,False
2045-02-11,建国記念の日,False
2045-02-23,天皇誕生日,False
2045-03-20,春分の日,True
2045-04-29,昭和の日,False
2045-05-03,憲法記念日,False
2045-05-04,みどりの日,False
2045-05-05,こどもの日,False
2045-07-17,海の日,False
2045-08-11,山の日,False
2045-09-18,敬老の日,False
2045-09-22,秋分の日,True
2045-10-09,スポーツの日,False
2045-11-03,文化の日,False
2045-11-23,勤労感謝の日,False
2045-12-29,年末年始休暇,False
2045-12-30,年末年始休暇,False
2045-12-31,年末年始休暇,False
2046-01-01,元日,False
2046-01-02,年末年始休暇,False
2046-01-03,年末年始休暇,False
2046-01-08,成人の日,False
2046-02-11,建国記念の日,False
2046-02-12,振替休日,False
2046-02-23,天皇誕生日,False
2046-03-20,春分の日,True
2046-04-29,昭和の日,False
2046-04-30,振替休日,False
2046-05-03,憲法記念日,False
2046-05-04,みどりの日,False
2046-05-05,こどもの日,False
2046-07-16,海の日,False
2046-08-11,山の日,False
2046-09-17,敬老の日,False
2046-09-23,秋分の日,True
2046-09-24,振替休日,False
2046-10-08,スポーツの日,False
2046-11-03,文化の日,False
2046-11-23,勤労感謝の日,False
2046-12-29,年末年始休暇,False
2046-12-30,年末年始休暇,False
2046-12-31,年末年始休暇,False
2047-01-01,元日,False
2047-01-02,年末年始休暇,False
2047-01-03,年末年始休暇,False
2047-01-14,成人の日,False
2047-02-11,建国記念の日,False
2047-02-23,天皇誕生日,False
2047-03-21,春分の日,True
2047-04-29,昭和の日,False
2047-05-03,憲法記念日,False
2047-05-04,みどりの日,False
2047-05-05,こどもの日,False
2047-05-06,振替休日,False
2047-07-15,海の日,False
2047-08-11,山の日,False
2047-08-12,振替休日,False
2047-09-16,敬老の日,False
2047-09-23,秋分の日,True
2047-10-14,スポーツの日,False
2047-11-03,文化の日,False
2047-11-04,振替休日,False
2047-11-23,勤労感謝の日,False
2047-12-29,年末年始休暇,False
2047-12-30,年末年始休暇,False
2047-12-31,年末年始休暇,False
2048-01-01,元日,False
2048-01-02,年末年始休暇,False
2048-01-03,年末年始休暇,False
2048-01-13,成人の日,False
2048-02-11,建国記念の日,False
2048-02-23,天皇誕生日,False
2048-02-24,振替休日,False
2048-03-20,春分の日,True
2048-04-29,昭和の日,False
2048-05-03,憲法記念日,False
2048-05-04,みどりの日,False
2048-05-05,こどもの日,False
2048-05-06,振替休日,False
2048-07-20,海の日,False
2048-08-11,山の日,False
2048-09-21,敬老の日,False
2048-09-22,秋分の日,True
2048-10-12,スポーツの日,False
2048-11-03,文化の日,False
2048-11-23,勤労感謝の日,False
2048-12-29,年末年始休暇,False
2048-12-30,年末年始休暇,False
2048-12-31,年末年始休暇,False
2049-01-01,元日,False
2049-01-02,年末年始休暇,False
2049-01-03,年末年始休暇,False
2049-01-11,成人の日,False
2049-02-11,建国記念の日,False
2049-02-23,天皇誕生日,False
2049-03-20,春分の日,True
2049-04-29,昭和の日,False
2049-05-03,憲法記念日,False
2049-05-04,みどりの日,False
2049-05-05,こどもの日,False
2049-07-19,海の日,False
2049-08-11,山の日,False
2049-09-20,敬老の日,False
2049-09-21,国民の休日,False
2049-09-22,秋分の日,True
2049-10-11,スポーツの日,False
2049-11-03,文化の日,False
2049-11-23,勤労感謝の日,False
2049-12-29,年末年始休暇,False
2049-12-30,年末年始休暇,False
2049-12-31,年末年始休暇,False
2050-01-01,元日,False
2050-01-02,年末年始休暇,False
2050-01-03,年末年始休暇,False
2050-01-10,成人の日,False
2050-02-11,建国記念の日,False
2050-02-23,天皇誕生日,False
2050-03-20,春分の日,True
2050-03-21,振替休日,False
2050-04-29,昭和の日,False
2050-05-03,憲法記念日,False
2050-05-04,みどりの日,False
2050-05-05,こどもの日,False
2050-07-18,海の日,False
2050-08-11,山の日,False
2050-09-19,敬老の日,False
2050-09-23,秋分の日,True
2050-10-10,スポーツの日,False
2050-11-03,文化の日,False
2050-11-23,勤労感謝の日,False
2050-12-29,年末年始休暇,False
2050-12-30,年末年始休暇,False
2050-12-31,年末年始休暇,False
2051-01-01,元日,False
2051-01-02,振替休日,False
2051-01-03,年末年始休暇,False
2051-01-09,成人の日,False
2051-02-11,建国記念の日,False
2051-02-23,天皇誕生日,False
2051-03-21,春分の日,True
2051-04-29,昭和の日,False
2051-05-03,憲法記念日,False
2051-05-04,みどりの日,False
2051-05-05,こどもの日,False
2051-07-17,海の日,False
2051-08-11,山の日,False
2051-09-18,敬老の日,False
2051-09-23,秋分の日,True
2051-10-09,スポーツの日,False
2051-11-03,文化の日,False
2051-11-23,勤労感謝の日,False
2051-12-29,年末年始休暇,False
2051-12-30,年末年始休暇,False
2051-12-31,年末年始休暇,False
2052-01-01,元日,False
2052-01-02,年末年始休暇,False
2052-01-03,年末年始休暇,False
2052-01-08,成人の日,False
2052-02-11,建国記念の日,False
2052-02-12,振替休日,False
2052-02-23,天皇誕生日,False
2052-03-20,春分の日,True
2052-04-29,昭和の日,False
2052-05-03,憲法記念日,False
2052-05-04,みどりの日,False
2052-05-05,こどもの日,False
2052-05-06,振替休日,False
2052-07-15,海の日,False
2052-08-11,山の日,False
2052-08-12,振替休日,False
2052-09-16,敬老の日,False
2052-09-22,秋分の日,True
2052-09-23,振替休日,False
2052-10-14,スポーツの日,False
2052-11-03,文化の日,False
2052-11-04,振替休日,False
2052-11-23,勤労感謝の日,False
2052-12-29,年末年始休暇,False
2052-12-30,年末年始休暇,False
2052-12-31,年末年始休暇,False
2053-01-01,元日,False
2053-01-02,年末年始休暇,False
2053-01-03,年末年始休暇,False
2053-01-13,成人の日,False
2053-02-11,建国記念の日,False
2053-02-23,天皇誕生日,False
2053-02-24,振替休日,False
2053-03-20,春分の日,True
2053-04-29,昭和の日,False
2053-05-03,憲法記念日,False
2053-05-04,みどりの日,False
2053-05-05,こどもの日,False
2053-05-06,振替休日,False
2053-07-21,海の日,False
2053-08-11,山の日,False
2053-09-15,敬老の日,False
2053-09-22,秋分の日,True
2053-10-13,スポーツの日,False
2053-11-03,文化の日,False
2053-11-23,勤労感謝の日,False
2053-11-24,振替休日,False
2053-12-29,年末年始休暇,False
2053-12-30,年末年始休暇,False
2053-12-31,年末年始休暇,False
2054-01-01,元日,False
2054-01-02,年末年始休暇,False
2054-01-03,年末年始休暇,False
2054-01-12,成人の日,False
2054-02-11,建国記念の日,False
2054-02-23,天皇誕生日,False
2054-03-20,春分の日,True
2054-04-29,昭和の日,False
2054-05-03,憲法記念日,False
2054-05-04,みどりの日,False
2054-05-05,こどもの日,False
2054-05-06,振替休日,False
2054-07-20,海の日,False
2054-08-11,山の日,False
2054-09-21,敬老の日,False
2054-09-22,国民の休日,False
2054-09-23,秋分の日,True
2054-10-12,スポーツの日,False
2054-11-03,文化の日,False
2054-11-23,勤労感謝の日,False
2054-12-29,年末年始休暇,False
2054-12-30,年末年始休暇,False
2054-12-31,年末年始休暇,False
2055-01-01,元日,False
2055-01-02,年末年始休暇,False
2055-01-03,年末年始休暇,False
2055-01-11,成人の日,False
2055-02-11,建国記念の日,False
2055-02-23,天皇誕生日,False
2055-03-21,春分の日,True
2055-03-22,振替休日,False
2055-04-29,昭和の日,False
2055-05-03,憲法記念日,False
2055-05-04,みどりの日,False
2055-05-05,こどもの日,False
2055-07-19,海の日,False
2055-08-11,山の日,False
2055-09-20,敬老の日,False
2055-09-23,秋分の日,True
2055-10-11,スポーツの日,False
2055-11-03,文化の日,False
2055-11-23,勤労感謝の日,False
2055-12-29,年末年始休暇,False
2055-12-30,年末年始休暇,False
2055-12-31,年末年始休暇,False
2056-01-01,元日,False
2056-01-02,年末年始休暇,False
2056-01-03,年末年始休暇,False
2056-01-10,成人の日,False
2056-02-11,建国記念の日,False
2056-02-23,天皇誕生日,False
2056-03-20,春分の日,True
2056-04-29,昭和の日,False
2056-05-03,憲法記念日,False
2056-05-04,みどりの日,False
2056-05-05,こどもの日,False
2056-07-17,海の日,False
2056-08-11,山の日,False
2056-09-18,敬老の日,False
2056-09-22,秋分の日,True
2056-10-09,スポーツの日,False
2056-11-03,文化の日,False
2056-11-23,勤労感謝の日,False
2056-12-29,年末年始休暇,False
2056-12-30,年末年始休暇,False
2056-12-31,年末年始休暇,False
2057-01-01,元日,False
2057-01-02,年末年始休暇,False
2057-01-03,年末年始休暇,False
2057-01-08,成人の日,False
2057-02-11,建国記念の日,False
2057-02-12,振替休日,False
2057-02-23,天皇誕生日,False
2057-03-20,春分の日,True
2057-04-29,昭和の日,False
2057-04-30,振替休日,False
2057-05-03,憲法記念日,False
2057-05-04,みどりの日,False
2057-05-05,こどもの日,False
2057-07-16,海の日,False
2057-08-11,山の日,False
2057-09-17,敬老の日,False
2057-09-22,秋分の日,True
2057-10-08,スポーツの日,False
2057-11-03,文化の日,False
2057-11-23,勤労感謝の日,False
2057-12-29,年末年始休暇,False
2057-12-30,年末年始休暇,False
2057-12-31,年末年始休暇,False
2058-01-01,元日,False
2058-01-02,年末年始休暇,False
2058-01-03,年末年始休暇,False
2058-01-14,成人の日,False
2058-02-11,建国記念の日,False
2058-02-23,天皇誕生日,False
2058-03-20,春分の日,True
2058-04-29,昭和の日,False
2058-05-03,憲法記念日,False
2058-05-04,みどりの日,False
2058-05-05,こどもの日,False
2058-05-06,振替休日,False
2058-07-15,海の日,False
2058-08-11,山の日,False
2058-08-12,振替休日,False
2058-09-16,敬老の日,False
2058-09-23,秋分の日,True
2058-10-14,スポーツの日,False
2058-11-03,文化の日,False
2058-11-04,振替休日,False
2058-11-23,勤労感謝の日,False
2058-12-29,年末年始休暇,False
2058-12-30,年末年始休暇,False
2058-12-31,年末年始休暇,False
2059-01-01,元日,False
2059-01-02,年末年始休暇,False
2059-01-03,年末年始休暇,False
2059-01-13,成人の日,False
2059-02-11,建国記念の日,False
2059-02-23,天皇誕生日,False
2059-02-24,振替休日,False
2059-03-20,春分の日,True
2059-04-29,昭和の日,False
2059-05-03,憲法記念日,False
2059-05-04,みどりの日,False
2059-05-05,こどもの日,False
2059-05-06,振替休日,False
2059-07-21,海の日,False
2059-08-11,山の日,False
2059-09-15,敬老の日,False
2059-09-23,秋分の日,True
2059-10-13,スポーツの日,False
2059-11-03,文化の日,False
2059-11-23,勤労感謝の日,False
2059-11-24,振替休日,False
2059-12-29,年末年始休暇,False
2059-12-30,年末年始休暇,False
2059-12-31,年末年始休暇,False
2060-01-01,元日,False
2060-01-02,年末年始休暇,False
2060-01-03,年末年始休暇,False
2060-01-12,成人の日,False
2060-02-11,建国記念の日,False
2060-02-23,天皇誕生日,False
2060-03-20,春分の日,True
2060-04-29,昭和の日,False
2060-05-03,憲法記念日,False
2060-05-04,みどりの日,False
2060-05-05,こどもの日,False
2060-07-19,海の日,False
2060-08-11,山の日,False
2060-09-20,敬老の日,False
2060-09-21,国民の休日,False
2060-09-22,秋分の日,True
2060-10-11,スポーツの日,False
2060-11-03,文化の日,False
2060-11-23,勤労感謝の日,False
2060-12-29,年末年始休暇,False
2060-12-30,年末年始休暇,False
2060-12-31,年末年始休暇,False
2061-01-01,元日,False
2061-01-02,年末年始休暇,False
2061-01-03,年末年始休暇,False
2061-01-10,成人の日,False
2061-02-11,建国記念の日,False
2061-02-23,天皇誕生日,False
2061-03-20,春分の日,True
2061-03-21,振替休日,False
2061-04-29,昭和の日,False
2061-05-03,憲法記念日,False
2061-05-04,みどりの日,False
2061-05-05,こどもの日,False
2061-07-18,海の日,False
2061-08-11,山の日,False
2061-09-19,敬老の日,False
2061-09-22,秋分の日,True
2061-10-10,スポーツの日,False
2061-11-03,文化の日,False
2061-11-23,勤労感謝の日,False
2061-12-29,年末年始休暇,False
2061-12-30,年末年始休暇,False
2061-12-31,年末年始休暇,False
2062-01-01,元日,False
2062-01-02,振替休日,False
2062-01-03,年末年始休暇,False
2062-01-09,成人の日,False
2062-02-11,建国記念の日,False
2062-02-23,天皇誕生日,False
2062-03-20,春分の日,True
2062-04-29,昭和の日,False
2062-05-03,憲法記念日,False
2062-05-04,みどりの日,False
2062-05-05,こどもの日,False
2062-07-17,海の日,False
2062-08-11,山の日,False
2062-09-18,敬老の日,False
2062-09-23,秋分の日,True
2062-10-09,スポーツの日,False
2062-11-03,文化の日,False
2062-11-23,勤労感謝の日,False
2062-12-29,年末年始休暇,False
2062-12-30,年末年始休暇,False
2062-12-31,年末年始休暇,False
2063-01-01,元日,False
2063-01-02,年末年始休暇,False
2063-01-03,年末年始休暇,False
2063-01-08,成人の日,False
2063-02-11,建国記念の日,False
2063-02-12,振替休日,False
2063-02-23,天皇誕生日,False
2063-03-20,春分の日,True
2063-04-29,昭和の日,False
2063-04-30,振替休日,False
2063-05-03,憲法記念日,False
2063-05-04,みどりの日,False
2063-05-05,こどもの日,False
2063-07-16,海の日,False
2063-08-11,山の日,False
2063-09-17,敬老の日,False
2063-09-23,秋分の日,True
2063-09-24,振替休日,False
2063-10-08,スポーツの日,False
2063-11-03,文化の日,False
2063-11-23,勤労感謝の日,False
2063-12-29,年末年始休暇,False
2063-12-30,年末年始休暇,False
2063-12-31,年末年始休暇,False
2064-01-01,元日,False
2064-01-02,年末年始休暇,False
2064-01-03,年末年始休暇,False
2064-01-14,成人の日,False
2064-02-11,建国記念の日,False
2064-02-23,天皇誕生日,False
2064-03-20,春分の日,True
2064-04-29,昭和の日,False
2064-05-03,憲法記念日,False
2064-05-04,みどりの日,False
2064-05-05,こどもの日,False
2064-05-06,振替休日,False
2064-07-21,海の日,False
2064-08-11,山の日,False
2064-09-15,敬老の日,False
2064-09-22,秋分の日,True
2064-10-13,スポーツの日,False
2064-11-03,文化の日,False
2064-11-23,勤労感謝の日,False
2064-11-24,振替休日,False
2064-12-29,年末年始休暇,False
2064-12-30,年末年始休暇,False
2064-12-31,年末年始休暇,False
2065-01-01,元日,False
2065-01-02,年末年始休暇,False
2065-01-03,年末年始休暇,False
2065-01-12,成人の日,False
2065-02-11,建国記念の日,False
2065-02-23,天皇誕生日,False
2065-03-20,春分の日,True
2065-04-29,昭和の日,False
2065-05-03,憲法記念日,False
2065-05-04,みどりの日,False
2065-05-05,こどもの日,False
2065-05-06,振替休日,False
2065-07-20,海の日,False
2065-08-11,山の日,False
2065-09-21,敬老の日,False
2065-09-22,秋分の日,True
2065-10-12,スポーツの日,False
2065-11-03,文化の日,False
2065-11-23,勤労感謝の日,False
2065-12-29,年末年始休暇,False
2065-12-30,年末年始休暇,False
2065-12-31,年末年始休暇,False
2066-01-01,元日,False
2066-01-02,年末年始休暇,False
2066-01-03,年末年始休暇,False
2066-01-11,成人の日,False
2066-02-11,建国記念の日,False
2066-02-23,天皇誕生日,False
2066-03-20,春分の日,True
2066-04-29,昭和の日,False
2066-05-03,憲法記念日,False
2066-05-04,みどりの日,False
2066-05-05,こどもの日,False
2066-07-19,海の日,False
2066-08-11,山の日,False
2066-09-20,敬老の日,False
2066-09-23,秋分の日,True
2066-10-11,スポーツの日,False
2066-11-03,文化の日,False
2066-11-23,勤労感謝の日,False
2066-12-29,年末年始休暇,False
2066-12-30,年末年始休暇,False
2066-12-31,年末年始休暇,False
2067-01-01,元日,False
2067-01-02,年末年始休暇,False
2067-01-03,年末年始休暇,False
2067-01-10,成人の日,False
2067-02-11,建国記念の日,False
2067-02-23,天皇誕生日,False
2067-03-20,春分の日,True
2067-03-21,振替休日,False
2067-04-29,昭和の日,False
2067-05-03,憲法記念日,False
2067-05-04,みどりの日,False
2067-05-05,こどもの日,False
2067-07-18,海の日,False
2067-08-11,山の日,False
2067-09-19,敬老の日,False
2067-09-23,秋分の日,True
2067-10-10,スポーツの日,False
2067-11-03,文化の日,False
2067-11-23,勤労感謝の日,False
2067-12-29,年末年始休暇,False
2067-12-30,年末年始休暇,False
2067-12-31,年末年始休暇,False
2068-01-01,元日,False
2068-01-02,振替休日,False
2068-01-03,年末年始休暇,False
2068-01-09,成人の日,False
2068-02-11,建国記念の日,False
2068-02-23,天皇誕生日,False
2068-03-20,春分の日,True
2068-04-29,昭和の日,False
2068-04-30,振替休日,False
2068-05-03,憲法記念日,False
2068-05-04,みどりの日,False
2068-05-05,こどもの日,False
2068-07-16,海の日,False
2068-08-11,山の日,False
2068-09-17,敬老の日,False
2068-09-22,秋分の日,True
2068-10-08,スポーツの日,False
2068-11-03,文化の日,False
2068-11-23,勤労感謝の日,False
2068-12-29,年末年始休暇,False
2068-12-30,年末年始休暇,False
2068-12-31,年末年始休暇,False
2069-01-01,元日,False
2069-01-02,年末年始休暇,False
2069-01-03,年末年始休暇,False
2069-01-14,成人の日,False
2069-02-11,建国記念の日,False
2069-02-23,天皇誕生日,False
2069-03-20,春分の日,True
2069-04-29,昭和の日,False
2069-05-03,憲法記念日,False
2069-05-04,みどりの日,False
2069-05-05,こどもの日,False
2069-05-06,振替休日,False
2069-07-15,海の日,False
2069-08-11,山の日,False
2069-08-12,振替休日,False
2069-09-16,敬老の日,False
2069-09-22,秋分の日,True
2069-09-23,振替休日,False
2069-10-14,スポーツの日,False
2069-11-03,文化の日,False
2069-11-04,振替休日,False
2069-11-23,勤労感謝の日,False
2069-12-29,年末年始休暇,False
2069-12-30,年末年始休暇,False
2069-12-31,年末年始休暇,False
2070-01-01,元日,False
2070-01-02,年末年始休暇,False
2070-01-03,年末年始休暇,False
2070-01-13,成人の日,False
2070-02-11,建国記念の日,False
2070-02-23,天皇誕生日,False
2070-02-24,振替休日,False
2070-03-20,春分の日,True
2070-04-29,昭和の日,False
2070-05-03,憲法記念日,False
2070-05-04,みどりの日,False
2070-05-05,こどもの日,False
2070-05-06,振替休日,False
2070-07-21,海の日,False
2070-08-11,山の日,False
2070-09-15,敬老の日,False
2070-09-23,秋分の日,True
2070-10-13,スポーツの日,False
2070-11-03,文化の日,False
2070-11-23,勤労感謝の日,False
2070-11-24,振替休日,False
2070-12-29,年末年始休暇,False
2070-12-30,年末年始休暇,False
2070-12-31,年末年始休暇,False
2071-01-01,元日,False
2071-01-02,年末年始休暇,False
2071-01-03,年末年始休暇,False
2071-01-12,成人の日,False
2071-02-11,建国記念の日,False
2071-02-23,天皇誕生日,False
2071-03-20,春分の日,True
2071-04-29,昭和の日,False
2071-05-03,憲法記念日,False
2071-05-04,みどりの日,False
2071-05-05,こどもの日,False
2071-05-06,振替休日,False
2071-07-20,海の日,False
2071-08-11,山の日,False
2071-09-21,敬老の日,False
2071-09-22,国民の休日,False
2071-09-23,秋分の日,True
2071-10-12,スポーツの日,False
2071-11-03,文化の日,False
2071-11-23,勤労感謝の日,False
2071-12-29,年末年始休暇,False
2071-12-30,年末年始休暇,False
2071-12-31,年末年始休暇,False
2072-01-01,元日,False
2072-01-02,年末年始休暇,False
2072-01-03,年末年始休暇,False
2072-01-11,成人の日,False
2072-02-11,建国記念の日,False
2072-02-23,天皇誕生日,False
2072-03-20,春分の日,True
2072-03-21,振替休日,False
2072-04-29,昭和の日,False
2072-05-03,憲法記念日,False
2072-05-04,みどりの日,False
2072-05-05,こどもの日,False
2072-07-18,海の日,False
2072-08-11,山の日,False
2072-09-19,敬老の日,False
2072-09-22,秋分の日,True
2072-10-10,スポーツの日,False
2072-11-03,文化の日,False
2072-11-23,勤労感謝の日,False
2072-12-29,年末年始休暇,False
2072-12-30,年末年始休暇,False
2072-12-31,年末年始休暇,False
2073-01-01,元日,False
2073-01-02,振替休日,False
2073-01-03,年末年始休暇,False
2073-01-09,成人の日,False
2073-02-11,建国記念の日,False
2073-02-23,天皇誕生日,False
2073-03-20,春分の日,True
2073-04-29,昭和の日,False
2073-05-03,憲法記念日,False
2073-05-04,みどりの日,False
2073-05-05,こどもの日,False
2073-07-17,海の日,False
2073-08-11,山の日,False
2073-09-18,敬老の日,False
2073-09-22,秋分の日,True
2073-10-09,スポーツの日,False
2073-11-03,文化の日,False
2073-11-23,勤労感謝の日,False
2073-12-29,年末年始休暇,False
2073-12-30,年末年始休暇,False
2073-12-31,年末年始休暇,False
2074-01-01,元日,False
2074-01-02,年末年始休暇,False
2074-01-03,年末年始休暇,False
2074-01-08,成人の日,False
2074-02-11,建国記念の日,False
2074-02-12,振替休日,False
2074-02-23,天皇誕生日,False
2074-03-20,春分の日,True
2074-04-29,昭和の日,False
2074-04-30,振替休日,False
2074-05-03,憲法記念日,False
2074-05-04,みどりの日,False
2074-05-05,こどもの日,False
2074-07-16,海の日,False
2074-08-11,山の日,False
2074-09-17,敬老の日,False
2074-09-23,秋分の日,True
2074-09-24,振替休日,False
2074-10-08,スポーツの日,False
2074-11-03,文化の日,False
2074-11-23,勤労感謝の日,False
2074-12-29,年末年始休暇,False
2074-12-30,年末年始休暇,False
2074-12-31,年末年始休暇,False
2075-01-01,元日,False
2075-01-02,年末年始休暇,False
2075-01-03,年末年始休暇,False
2075-01-14,成人の日,False
2075-02-11,建国記念の日,False
2075-02-23,天皇誕生日,False
2075-03-20,春分の日,True
2075-04-29,昭和の日,False
2075-05-03,憲法記念日,False
2075-05-04,みどりの日,False
2075-05-05,こどもの日,False
2075-05-06,振替休日,False
2075-07-15,海の日,False
2075-08-11,山の日,False
2075-08-12,振替休日,False
2075-09-16,敬老の日,False
2075-09-23,秋分の日,True
2075-10-14,スポーツの日,False
2075-11-03,文化の日,False
2075-11-04,振替休日,False
2075-11-23,勤労感謝の日,False
2075-12-29,年末年始休暇,False
2075-12-30,年末年始休暇,False
2075-12-31,年末年始休暇,False
2076-01-01,元日,False
2076-01-02,年末年始休暇,False
2076-01-03,年末年始休暇,False
2076-01-13,成人の日,False
2076-02-11,建国記念の日,False
2076-02-23,天皇誕生日,False
2076-02-24,振替休日,False
2076-03-20,春分の日,True
2076-04-29,昭和の日,False
2076-05-03,憲法記念日,False
2076-05-04,みどりの日,False
2076-05-05,こどもの日,False
2076-05-06,振替休日,False
2076-07-20,海の日,False
2076-08-11,山の日,False
2076-09-21,敬老の日,False
2076-09-22,秋分の日,True
2076-10-12,スポーツの日,False
2076-11-03,文化の日,False
2076-11-23,勤労感謝の日,False
2076-12-29,年末年始休暇,False
2076-12-30,年末年始休暇,False
2076-12-31,年末年始休暇,False
2077-01-01,元日,False
2077-01-02,年末年始休暇,False
2077-01-03,年末年始休暇,False
2077-01-11,成人の日,False
2077-02-11,建国記念の日,False
2077-02-23,天皇誕生日,False
2077-03-20,春分の日,True
2077-04-29,昭和の日,False
2077-05-03,憲法記念日,False
2077-05-04,みどりの日,False
2077-05-05,こどもの日,False
2077-07-19,海の日,False
2077-08-11,山の日,False
2077-09-20,敬老の日,False
2077-09-21,国民の休日,False
2077-09-22,秋分の日,True
2077-10-11,スポーツの日,False
2077-11-03,文化の日,False
2077-11-23,勤労感謝の日,False
2077-12-29,年末年始休暇,False
2077-12-30,年末年始休暇,False
2077-12-31,年末年始休暇,False
2078-01-01,元日,False
2078-01-02,年末年始休暇,False
2078-01-03,年末年始休暇,False
2078-01-10,成人の日,False
2078-02-11,建国記念の日,False
2078-02-23,天皇誕生日,False
2078-03-20,春分の日,True
2078-03-21,振替休日,False
2078-04-29,昭和の日,False
2078-05-03,憲法記念日,False
2078-05-04,みどりの日,False
2078-05-05,こどもの日,False
2078-07-18,海の日,False
2078-08-11,山の日,False
2078-09-19,敬老の日,False
2078-09-22,秋分の日,True
2078-10-10,スポーツの日,False
2078-11-03,文化の日,False
2078-11-23,勤労感謝の日,False
2078-12-29,年末年始休暇,False
2078-12-30,年末年始休暇,False
2078-12-31,年末年始休暇,False
2079-01-01,元日,False
2079-01-02,振替休日,False
2079-01-03,年末年始休暇,False
2079-01-09,成人の日,False
2079-02-11,建国記念の日,False
2079-02-23,天皇誕生日,False
2079-03-20,春分の日,True
2079-04-29,昭和の日,False
2079-05-03,憲法記念日,False
2079-05-04,みどりの日,False
2079-05-05,こどもの日,False
2079-07-17,海の日,False
2079-08-11,山の日,False
2079-09-18,敬老の日,False
2079-09-23,秋分の日,True
2079-10-09,スポーツの日,False
2079-11-03,文化の日,False
2079-11-23,勤労感謝の日,False
2079-12-29,年末年始休暇,False
2079-12-30,年末年始休暇,False
2079-12-31,年末年始休暇,False
2080-01-01,元日,False
2080-01-02,年末年始休暇,False
2080-01-03,年末年始休暇,False
2080-01-08,成人の日,False
2080-02-11,建国記念の日,False
2080-02-12,振替休日,False
2080-02-23,天皇誕生日,False
2080-03-20,春分の日,True
2080-04-29,昭和の日,False
2080-05-03,憲法記念日,False
2080-05-04,みどりの日,False
2080-05-05,こどもの日,False
2080-05-06,振替休日,False
2080-07-15,海の日,False
2080-08-11,山の日,False
2080-08-12,振替休日,False
2080-09-16,敬老の日,False
2080-09-22,秋分の日,True
2080-09-23,振替休日,False
2080-10-14,スポーツの日,False
2080-11-03,文化の日,False
2080-11-04,振替休日,False
2080-11-23,勤労感謝の日,False
2080-12-29,年末年始休暇,False
2080-12-30,年末年始休暇,False
2080-12-31,年末年始休暇,False
2081-01-01,元日,False
2081-01-02,年末年始休暇,False
2081-01-03,年末年始休暇,False
2081-01-13,成人の日,False
2081-02-11,建国記念の日,False
2081-02-23,天皇誕生日,False
2081-02-24,振替休日,False
2081-03-20,春分の日,True
2081-04-29,昭和の日,False
2081-05-03,憲法記念日,False
2081-05-04,みどりの日,False
2081-05-05,こどもの日,False
2081-05-06,振替休日,False
2081-07-21,海の日,False
2081-08-11,山の日,False
2081-09-15,敬老の日,False
2081-09-22,秋分の日,True
2081-10-13,スポーツの日,False
2081-11-03,文化の日,False
2081-11-23,勤労感謝の日,False
2081-11-24,振替休日,False
2081-12-29,年末年始休暇,False
2081-12-30,年末年始休暇,False
2081-12-31,年末年始休暇,False
2082-01-01,元日,False
2082-01-02,年末年始休暇,False
2082-01-03,年末年始休暇,False
2082-01-12,成人の日,False
2082-02-11,建国記念の日,False
2082-02-23,天皇誕生日,False
2082-03-20,春分の日,True
2082-04-29,昭和の日,False
2082-05-03,憲法記念日,False
2082-05-04,みどりの日,False
2082-05-05,こどもの日,False
2082-05-06,振替休日,False
2082-07-20,海の日,False
2082-08-11,山の日,False
2082-09-21,敬老の日,False
2082-09-22,秋分の日,True
2082-10-12,スポーツの日,False
2082-11-03,文化の日,False
2082-11-23,勤労感謝の日,False
2082-12-29,年末年始休暇,False
2082-12-30,年末年始休暇,False
2082-12-31,年末年始休暇,False
2083-01-01,元日,False
2083-01-02,年末年始休暇,False
2083-01-03,年末年始休暇,False
2083-01-11,成人の日,False
2083-02-11,建国記念の日,False
2083-02-23,天皇誕生日,False
2083-03-20,春分の日,True
2083-04-29,昭和の日,False
2083-05-03,憲法記念日,False
2083-05-04,みどりの日,False
2083-05-05,こどもの日,False
2083-07-19,海の日,False
2083-08-11,山の日,False
2083-09-20,敬老の日,False
2083-09-23,秋分の日,True
2083-10-11,スポーツの日,False
2083-11-03,文化の日,False
2083-11-23,勤労感謝の日,False
2083-12-29,年末年始休暇,False
2083-12-30,年末年始休暇,False
2083-12-31,年末年始休暇,False
2084-01-01,元日,False
2084-01-02,年末年始休暇,False
2084-01-03,年末年始休暇,False
2084-01-10,成人の日,False
2084-02-11,建国記念の日,False
2084-02-23,天皇誕生日,False
2084-03-20,春分の日,True
2084-04-29,昭和の日,False
2084-05-03,憲法記念日,False
2084-05-04,みどりの日,False
2084-05-05,こどもの日,False
2084-07-17,海の日,False
2084-08-11,山の日,False
2084-09-18,敬老の日,False
2084-09-22,秋分の日,True
2084-10-09,スポーツの日,False
2084-11-03,文化の日,False
2084-11-23,勤労感謝の日,False
2084-12-29,年末年始休暇,False
2084-12-30,年末年始休暇,False
2084-12-31,年末年始休暇,False
2085-01-01,元日,False
2085-01-02,年末年始休暇,False
2085-01-03,年末年始休暇,False
2085-01-08,成人の日,False
2085-02-11,建国記念の日,False
2085-02-12,振替休日,False
2085-02-23,天皇誕生日,False
2085-03-20,春分の日,True
2085-04-29,昭和の日,False
2085-04-30,振替休日,False
2085-05-03,憲法記念日,False
2085-05-04,みどりの日,False
2085-05-05,こどもの日,False
2085-07-16,海の日,False
2085-08-11,山の日,False
2085-09-17,敬老の日,False
2085-09-22,秋分の日,True
2085-10-08,スポーツの日,False
2085-11-03,文化の日,False
2085-11-23,勤労感謝の日,False
2085-12-29,年末年始休暇,False
2085-12-30,年末年始休暇,False
2085-12-31,年末年始休暇,False
2086-01-01,元日,False
2086-01-02,年末年始休暇,False
2086-01-03,年末年始休暇,False
2086-01-14,成人の日,False
2086-02-11,建国記念の日,False
2086-02-23,天皇誕生日,False
2086-03-20,春分の日,True
2086-04-29,昭和の日,False
2086-05-03,憲法記念日,False
2086-05-04,みどりの日,False
2086-05-05,こどもの日,False
2086-05-06,振替休日,False
2086-07-15,海の日,False
2086-08-11,山の日,False
2086-08-12,振替休日,False
2086-09-16,敬老の日,False
2086-09-22,秋分の日,True
2086-09-23,振替休日,False
2086-10-14,スポーツの日,False
2086-11-03,文化の日,False
2086-11-04,振替休日,False
2086-11-23,勤労感謝の日,False
2086-12-29,年末年始休暇,False
2086-12-30,年末年始休暇,False
2086-12-31,年末年始休暇,False
2087-01-01,元日,False
2087-01-02,年末年始休暇,False
2087-01-03,年末年始休暇,False
2087-01-13,成人の日,False
2087-02-11,建国記念の日,False
2087-02-23,天皇誕生日,False
2087-02-24,振替休日,False
2087-03-20,春分の日,True
2087-04-29,昭和の日,False
2087-05-03,憲法記念日,False
2087-05-04,みどりの日,False
2087-05-05,こどもの日,False
2087-05-06,振替休日,False
2087-07-21,海の日,False
2087-08-11,山の日,False
2087-09-15,敬老の日,False
2087-09-23,秋分の日,True
2087-10-13,スポーツの日,False
2087-11-03,文化の日,False
2087-11-23,勤労感謝の日,False
2087-11-24,振替休日,False
2087-12-29,年末年始休暇,False
2087-12-30,年末年始休暇,False
2087-12-31,年末年始休暇,False
2088-01-01,元日,False
2088-01-02,年末年始休暇,False
2088-01-03,年末年始休暇,False
2088-01-12,成人の日,False
2088-02-11,建国記念の日,False
2088-02-23,天皇誕生日,False
2088-03-20,春分の日,True
2088-04-29,昭和の日,False
2088-05-03,憲法記念日,False
2088-05-04,みどりの日,False
2088-05-05,こどもの日,False
2088-07-19,海の日,False
2088-08-11,山の日,False
2088-09-20,敬老の日,False
2088-09-21,国民の休日,False
2088-09-22,秋分の日,True
2088-10-11,スポーツの日,False
2088-11-03,文化の日,False
2088-11-23,勤労感謝の日,False
2088-12-29,年末年始休暇,False
2088-12-30,年末年始休暇,False
2088-12-31,年末年始休暇,False
2089-01-01,元日,False
2089-01-02,年末年始休暇,False
2089-01-03,年末年始休暇,False
2089-01-10,成人の日,False
2089-02-11,建国記念の日,False
2089-02-23,天皇誕生日,False
2089-03-20,春分の日,True
2089-03-21,振替休日,False
2089-04-29,昭和の日,False
2089-05-03,憲法記念日,False
2089-05-04,みどりの日,False
2089-05-05,こどもの日,False
2089-07-18,海の日,False
2089-08-11,山の日,False
2089-09-19,敬老の日,False
2089-09-22,秋分の日,True
2089-10-10,スポーツの日,False
2089-11-03,文化の日,False
2089-11-23,勤労感謝の日,False
2089-12-29,年末年始休暇,False
2089-12-30,年末年始休暇,False
2089-12-31,年末年始休暇,False
2090-01-01,元日,False
2090-01-02,振替休日,False
2090-01-03,年末年始休暇,False
2090-01-09,成人の日,False
2090-02-11,建国記念の日,False
2090-02-23,天皇誕生日,False
2090-03-20,春分の日,True
2090-04-29,昭和の日,False
2090-05-03,憲法記念日,False
2090-05-04,みどりの日,False
2090-05-05,こどもの日,False
2090-07-17,海の日,False
2090-08-11,山の日,False
2090-09-18,敬老の日,False
2090-09-22,秋分の日,True
2090-10-09,スポーツの日,False
2090-11-03,文化の日,False
2090-11-23,勤労感謝の日,False
2090-12-29,年末年始休暇,False
2090-12-30,年末年始休暇,False
2090-12-31,年末年始休暇,False
2091-01-01,元日,False
2091-01-02,年末年始休暇,False
2091-01-03,年末年始休暇,False
2091-01-08,成人の日,False
2091-02-11,建国記念の日,False
2091-02-12,振替休日,False
2091-02-23,天皇誕生日,False
2091-03-20,春分の日,True
2091-04-29,昭和の日,False
2091-04-30,振替休日,False
2091-05-03,憲法記念日,False
2091-05-04,みどりの日,False
2091-05-05,こどもの日,False
2091-07-16,海の日,False
2091-08-11,山の日,False
2091-09-17,敬老の日,False
2091-09-23,秋分の日,True
2091-09-24,振替休日,False
2091-10-08,スポーツの日,False
2091-11-03,文化の日,False
2091-11-23,勤労感謝の日,False
2091-12-29,年末年始休暇,False
2091-12-30,年末年始休暇,False
2091-12-31,年末年始休暇,False
2092-01-01,元日,False
2092-01-02,年末年始休暇,False
2092-01-03,年末年始休暇,False
2092-01-14,成人の日,False
2092-02-11,建国記念の日,False
2092-02-23,天皇誕生日,False
2092-03-19,春分の日,True
2092-04-29,昭和の日,False
2092-05-03,憲法記念日,False
2092-05-04,みどりの日,False
2092-05-05,こどもの日,False
2092-05-06,振替休日,False
2092-07-21,海の日,False
2092-08-11,山の日,False
2092-09-15,敬老の日,False
2092-09-22,秋分の日,True
2092-10-13,スポーツの日,False
2092-11-03,文化の日,False
2092-11-23,勤労感謝の日,False
2092-11-24,振替休日,False
2092-12-29,年末年始休暇,False
2092-12-30,年末年始休暇,False
2092-12-31,年末年始休暇,False
2093-01-01,元日,False
2093-01-02,年末年始休暇,False
2093-01-03,年末年始休暇,False
2093-01-12,成人の日,False
2093-02-11,建国記念の日,False
2093-02-23,天皇誕生日,False
2093-03-20,春分の日,True
2093-04-29,昭和の日,False
2093-05-03,憲法記念日,False
2093-05-04,みどりの日,False
2093-05-05,こどもの日,False
2093-05-06,振替休日,False
2093-07-20,海の日,False
2093-08-11,山の日,False
2093-09-21,敬老の日,False
2093-09-22,秋分の日,True
2093-10-12,スポーツの日,False
2093-11-03,文化の日,False
2093-11-23,勤労感謝の日,False
2093-12-29,年末年始休暇,False
2093-12-30,年末年始休暇,False
2093-12-31,年末年始休暇,False
2094-01-01,元日,False
2094-01-02,年末年始休暇,False
2094-01-03,年末年始休暇,False
2094-01-11,成人の日,False
2094-02-11,建国記念の日,False
2094-02-23,天皇誕生日,False
2094-03-20,春分の日,True
2094-04-29,昭和の日,False
2094-05-03,憲法記念日,False
2094-05-04,みどりの日,False
2094-05-05,こどもの日,False
2094-07-19,海の日,False
2094-08-11,山の日,False
2094-09-20,敬老の日,False
2094-09-21,国民の休日,False
2094-09-22,秋分の日,True
2094-10-11,スポーツの日,False
2094-11-03,文化の日,False
2094-11-23,勤労感謝の日,False
2094-12-29,年末年始休暇,False
2094-12-30,年末年始休暇,False
2094-12-31,年末年始休暇,False
2095-01-01,元日,False
2095-01-02,年末年始休暇,False
2095-01-03,年末年始休暇,False
2095-01-10,成人の日,False
2095-02-11,建国記念の日,False
2095-02-23,天皇誕生日,False
2095-03-20,春分の日,True
2095-03-21,振替休日,False
2095-04-29,昭和の日,False
2095-05-03,憲法記念日,False
2095-05-04,みどりの日,False
2095-05-05,こどもの日,False
2095-07-18,海の日,False
2095-08-11,山の日,False
2095-09-19,敬老の日,False
2095-09-23,秋分の日,True
2095-10-10,スポーツの日,False
2095-11-03,文化の日,False
2095-11-23,勤労感謝の日,False
2095-12-29,年末年始休暇,False
2095-12-30,年末年始休暇,False
2095-12-31,年末年始休暇,False
2096-01-01,元日,False
2096-01-02,振替休日,False
2096-01-03,年末年始休暇,False
2096-01-09,成人の日,False
2096-02-11,建国記念の日,False
2096-02-23,天皇誕生日,False
2096-03-19,春分の日,True
2096-04-29,昭和の日,False
2096-04-30,振替休日,False
2096-05-03,憲法記念日,False
2096-05-04,みどりの日,False
2096-05-05,こどもの日,False
2096-07-16,海の日,False
2096-08-11,山の日,False
2096-09-17,敬老の日,False
2096-09-22,秋分の日,True
2096-10-08,スポーツの日,False
2096-11-03,文化の日,False
2096-11-23,勤労感謝の日,False
2096-12-29,年末年始休暇,False
2096-12-30,年末年始休暇,False
2096-12-31,年末年始休暇,False
2097-01-01,元日,False
2097-01-02,年末年始休暇,False
2097-01-03,年末年始休暇,False
2097-01-14,成人の日,False
2097-02-11,建国記念の日,False
2097-02-23,天皇誕生日,False
2097-03-20,春分の日,True
2097-04-29,昭和の日,False
2097-05-03,憲法記念日,False
2097-05-04,みどりの日,False
2097-05-05,こどもの日,False
2097-05-06,振替休日,False
2097-07-15,海の日,False
2097-08-11,山の日,False
2097-08-12,振替休日,False
2097-09-16,敬老の日,False
2097-09-22,秋分の日,True
2097-09-23,振替休日,False
2097-10-14,スポーツの日,False
2097-11-03,文化の日,False
2097-11-04,振替休日,False
2097-11-23,勤労感謝の日,False
2097-12-29,年末年始休暇,False
2097-12-30,年末年始休暇,False
2097-12-31,年末年始休暇,False
2098-01-01,元日,False
2098-01-02,年末年始休暇,False
2098-01-03,年末年始休暇,False
2098-01-13,成人の日,False
2098-02-11,建国記念の日,False
2098-02-23,天皇誕生日,False
2098-02-24,振替休日,False
2098-03-20,春分の日,True
2098-04-29,昭和の日,False
2098-05-03,憲法記念日,False
2098-05-04,みどりの日,False
2098-05-05,こどもの日,False
2098-05-06,振替休日,False
2098-07-21,海の日,False
2098-08-11,山の日,False
2098-09-15,敬老の日,False
2098-09-22,秋分の日,True
2098-10-13,スポーツの日,False
2098-11-03,文化の日,False
2098-11-23,勤労感謝の日,False
2098-11-24,振替休日,False
2098-12-29,年末年始休暇,False
2098-12-30,年末年始休暇,False
2098-12-31,年末年始休暇,False
2099-01-01,元日,False
2099-01-02,年末年始休暇,False
2099-01-03,年末年始休暇,False
2099-01-12,成人の日,False
2099-02-11,建国記念の日,False
2099-02-23,天皇誕生日,False
2099-03-20,春分の日,True
2099-04-29,昭和の日,False
2099-05-03,憲法記念日,False
2099-05-04,みどりの日,False
2099-05-05,こどもの日,False
2099-05-06,振替休日,False
2099-07-20,海の日,False
2099-08-11,山の日,False
2099-09-21,敬老の日,False
2099-09-22,国民の休日,False
2099-09-23,秋分の日,True
2099-10-12,スポーツの日,False
2099-11-03,文化の日,False
2099-11-23,勤労感謝の日,False
2099-12-29,年末年始休暇,False
2099-12-30,年末年始休暇,False
2099-12-31,年末年始休暇,False
